Location,Highlight_JP,Note,Highlight_EN,Similarity,注釈,文化的要素の英訳句/語,ヴィネイとダルベルネの翻訳7分類,ベネットの異文化感受性モデル,備考
74,私はその人を常に先生と呼んでいた。だから～～使う気にならない,先生,"I never called him anything else, so I will write about him here only as the sensei without mentioning his name, not because of any hesitation in doing so, but simply because the sensei comes naturally to my mind when I think of him.",0.528726995,,the sensei,借用,統合,原文「先生」を「the sensei」と借用。さらに「comes naturally to my mind」と補足することで、単なる敬称を超え、語り手にとってその人物の象徴的な呼び名であることを再構築し、両文化間の概念を融合している。
78,私が先生と知り合いになったのは鎌倉である。,鎌倉,It was in Kamakura that we first met.,0.5758598447,,Kamakura,借用,受容,原文「鎌倉」を「Kamakura」と借用し、日本の地名という文化的固有性をそのまま提示。読者にその差異の受容と認識を求めている。
79,その時私はまだ若々しい書生であった。,書生,I was a  young student then.,0.5670327544,,書生/student,調整,最小化,原文の「書生」が持つ日本文化特有の背景を薄め、「学ぶ者」という上位概念の「student」に調整することで、文化差を最小化し普遍的理解を促している。
79,暑中休暇を利用して海水浴に行った友達からぜひ来いという端書を受け取ったので、私は多少の金を工面して、出掛ける事にした。,葉書,"A friend who was staying there during the vacation asked me to come and spend a few days with him, and after waiting two or three days to raise the extra money, I went.",0.5670327544,,なし（文脈で表現）,翻案,最小化,「葉書」という具体的媒体は「A friend... asked me to come」と訳され、原文の文化的差異を排除し、友人からの誘いという普遍的機能に翻案することで、読者が差異を意識しないよう最小化している。
95,宿は鎌倉でも辺鄙な方角にあった。,鎌倉,The lodging was in an out-of-the-way comer in  Kamakura.,0.6954759955,,Kamakura,借用,受容,原文「鎌倉」を「Kamakura」と借用することで、日本固有の地名としての文化的差異をそのまま提示し、読者にその受容を求めている。
96,玉突きだのアイスクリームだのというハイカラなものには長い畷を一つ越さなければ手が届かなかった。車で～取られた。,畷,"We could not reach such fashionable enjoyments as billiards or ice-cream without traversing a long lane between the rice-fields, and it cost twenty sen to go by rickshaw. ",0.5146593451,,a long lane between the rice-fields,調整,適応,原文「畷」を「a long lane between the rice-fields」と訳し、文化的背景が異なる読者にも、田園風景の中の細道という機能的役割が伝わるよう具体的に調整している。
97,玉突きだの～～届かなかった。車で行っても二十銭は取られた。,二十銭,"We could not reach such fashionable  enjoyments as billiards or ice-cream without travers-  ing a long lane between the rice-fields, and it cost  twenty sen to go by rickshaw.",0.4780345261,,twenty sen,借用,受容,原文「二十銭」を「twenty sen」と借用し、日本の固有の通貨単位という文化的差異をそのまま提示し、読者にその存在の認識と理解を求めている。
99,古い燻ぶり返った藁葺の間を通り抜けて磯へ下りると、この辺にこれほどの都会人種が住んでいるかと思うほど、避暑に来た男や女で砂の上が動いていた。,藁葺,There were so  many people on the sand that one wondered where  all the town people stayed.,0.7191630602,,藁葺,翻案,否認,原文「古い燻ぶり返った藁葺の間を通り抜けて磯へ下りる」という情景描写を完全に削除し、文化状況を「描写しない」形に翻案。藁葺という文化的要素を否認し、痕跡を残していない。
99,古い燻ぶり返った藁葺の間を通り抜けて磯へ下りると、この辺にこれほどの都会人種が住んでいるかと思うほど、避暑に来た男や女で砂の上が動いていた。,都会人種,There were so  many people on the sand that one wondered where  all the town people stayed.,0.7191630602,,town people,直訳,最小化,原文「都会人種」を「town people」と直訳し、「人種」が持つ分類的・含意的な要素を一般的な「人々」に最小化し、普遍的な都市生活者の概念に収束させている。
99,古い燻ぶり返った藁葺の間を通り抜けて磯へ下りると、この辺にこれほどの都会人種が住んでいるかと思うほど、避暑に来た男や女で砂の上が動いていた。,避暑,There were so  many people on the sand that one wondered where  all the town people stayed.,0.7191630602,,なし,調整,否認,原文「避暑に来た男や女」が訳文で「many people on the sand」と抽象化され、キーワード「避暑」の具体的な目的情報が削除されているため。
102,ある時は海の中が銭湯のように黒い頭でごちゃごちゃしている事もあった。,銭湯,Sometimes the sea was  thronged with black heads like a public bath.,0.8508856297,,a public bath,調整,最小化,原文「銭湯」を「a public bath」と訳すことで、日本固有の具体的な公衆浴場から、より普遍的な「公衆浴場」という共通概念へと視点を調整し、文化的な差異を最小化して読者の理解を促している。
107,その時海岸には掛茶屋が二軒あった。私はふとした機会からその一軒の方に行き慣れていた。,掛茶屋,"There were two bathing-booths on the shore, but I picked out one of them haphazard and made it my head-quarters.",0.5533088446,,bathing-booths,調整,適応,原文「掛茶屋」を「bathing-booths」と訳すことで、日本の茶屋文化を直接残さず、海岸という文脈でターゲット読者が機能的（着替え・休憩場所）に理解できる等価な施設に調整・適応させている。
123,その西洋人の優れて白い皮膚の色が、掛茶屋へ入るや否や、すぐ私の注意を惹いた。,西洋人,"The moment the exceedingly white skin  of that foreigner made its appearance in the booth,  my attention was fixed upon him.",0.7703334093,,the foreigner,調整,最小化,原文「西洋人」を「the foreigner」と訳すことで、特定の文化圏を示す差異を薄め、より普遍的な「外国人」という概念に調整し、文化差の最小化を図っている。
123,その西洋人の優れて白い皮膚の色が、掛茶屋へ入るや否や、すぐ私の注意を惹いた。,掛茶屋,"The moment the exceedingly white skin  of that foreigner made its appearance in the booth,  my attention was fixed upon him.",0.7703334093,,booth,調整,最小化,原文「掛茶屋」を「booth」と訳し、茶屋としての機能や文化固有性を削除。人が入る簡易な空間という上位概念に調整し、文化差を最小化している。
124,純粋の日本の浴衣を着ていた彼は、それを床几の上にすぽりと放り出したまま、腕組みをして海の方を向いて立っていた。,浴衣,"He wore a real Japanese yukata,¹ which he took off and threw upon a bench in a bathhouse.",0.7087438703,1 A kind of kimono worn by men and women in summer.,yukata,¹,借用,"適応,原文「浴衣」を「yukata」と借用し、注釈でその機能的役割（夏に男女が着る着物）を説明することで、読者が異文化要素を機能的に理解できるよう適応させている。"
126,彼は我々の穿く猿股一つの外何物も肌に着けていなかった。私には～～不思議だった。,猿股,"He had nothing on except  the short drawers which we wore, and this in itself  struck me as strange.",0.6402099133,,the short drawers,調整,適応,「猿股」を「the short drawers」と調整し、伝統的下着の機能（短い）をターゲット読者が違和感なく理解できるよう、差異を認識し適応させている。
128,私はその二日前に由井が浜まで行って、砂の上にしゃがみながら、長い間西洋人の海へ入る様子を眺めていた。,由比ヶ浜,"Two days before I had gone  to Yuigahama, where I lolled for a long time on the  sand, watching foreigners swim.",0.7063750625,,Yuigahama,借用,受容,原文「由井が浜」を「Yuigahama」と借用し、日本固有の地名としての文化差をそのまま提示することで、読者にその存在と固有性を受容させている。
135,そういう有様を目撃したばかりの私の眼には、猿股一つで済まして皆なの前に立っているこの西洋人がいかにも珍しく見えた。,猿股,"Fresh from this introduction to foreign methods of bathing, I was surprised at this man's indifference to exposing his body.",0.5947585106,,exposing his body,調整,適応,「猿股」という具体的衣類が「exposing his body」へと調整され、半裸状態という文化的状況をターゲット読者が機能的に理解できるよう適応させている。
139,その日本人は砂の上に落ちた手拭を拾い上げているところであったが、それを取り上げるや否や、すぐ頭を包んで、海の方へ歩き出した。,手拭い,"The  Japanese wrapped his head in the towel as soon as  he caught it, and began to walk towards the sea.",0.8240408301,,towel,直訳,最小化,原文「手拭」を「towel」と直訳することで、日本文化固有の差異を薄め、「頭を包む布」という普遍的な共通概念に収束させている。
143,そうして遠浅の磯近くにわいわい騒いでいる多人数の間を通り抜けて、比較的広々した所へ来ると、二人とも泳ぎ出した。,遠浅,"They stepped into  the waves at once, and passing through the multitude  who were screaming near the shore, went further  out to a considerably less crowded part, and began  to swim.",0.8221871853,,near the shore / further out,調整,適応,原文「遠浅」を直接訳さず、「near the shore」の描写と「further out」で泳ぐ状況で、浅瀬の機能的役割を間接的に表現。読者が文化差なく機能的に理解できるよう調整・適応させている。
154,すると西洋人は来ないで先生一人麦藁帽を被ってやって来た。,麦藁帽,"This time the sensei came alone, wearing a straw hat.",0.5644889474,,a straw hat,直訳,適応,「麦藁帽」を「a straw hat」と直訳し、ターゲット文化にも存在する機能的に等価な要素へ適応させ、読者のスムーズな理解を促している。
174,先生は白絣の上へ兵児帯を締めてから、眼鏡の失くなったのに気が付いたと見えて、急にそこいらを探し始めた。,白絣,"It was not until he fastened hekoobi¹ around his shirogasuri yukata that he discovered his loss, and suddenly began to search for them everywhere.",0.5525385141,2 A kind of cotten cloth.,**shirogasuri yukata,注釈 A kind of cotten cloth.,調整,"適応,「白絣」を「shirogasuri yukata」と日本語の音を保ちつつ、それが浴衣の一種であり綿生地であることを注釈で補足。ターゲット読者がその機能的役割を理解できるよう文化要素を調整し、適応させている。**"
174,先生は白絣の上へ兵児帯を締めてから、眼鏡の失くなったのに気が付いたと見えて、急にそこいらを探し始めた。,兵児帯,"It was not until he fastened hekoobi¹ around his shirogasuri yukata that he discovered his loss, and suddenly began to search for them everywhere.",0.5525385141,,hekoobi,借用,受容,原文「兵児帯」を「hekoobi」と借用し、日本固有の帯の文化的差異をそのまま提示することで、読者にその受容を求めている。
225,しかし帰って二日三日と経つうちに、鎌倉にいた時の気分が段々薄くなって来た。,鎌倉,But two or three days in the city dimmed the glamour of Kamakura.,0.6208797097,,the glamour of Kamakura,調整,統合,「鎌倉にいた時の気分」を「the glamour of Kamakura」と調整し、固有名詞Kamakuraの持つ文化的・象徴的な魅力を「glamour」で再構築し、概念の昇華を伴う統合モードを採用している。
238,私はすぐ～～去らなかった。下女の顔を見て少し躊躇してそこに立っていた。,下女,"So I did not turn away at once, but stood looking at the maid's face, hesitating.",0.7617042661,,the maid's face (maid),等価,適応,「下女」は「maid」と訳され、機能的に等価な概念へ置換する「等価」の手法。日本の「下女」を英語圏読者が機能的に理解できるよう「maid」に「適応」させ、文化差を違和感なく伝える意図が窺える。
238,この前名刺を取り次いだ記憶のある下女は、私を待たしておいてまた内へはいった。,名刺,"The maid, recognizing me as the visitor of the previous day, left me there and disappeared within the house.",0.6171696782,,recognizing me as the visitor of the previous day,調整,最小化,原文「名刺を取り次いだ」の具体的行為を、その結果である「認識」という抽象概念へ調整。名刺の文化差を薄め、普遍的な訪問者認識に収束させ、最小化した。
241,先生は例月その日になると雑司ヶ谷の墓地にある或る仏へ花を手向けに行く習慣なのだそうである。,雑司ヶ谷,She told me politely that the sensei was accustomed to visit a certain grave in Zoshigaya on that day every month.,0.5485316515,,Zoshigaya,借用,受容,原文「雑司ヶ谷」を「Zoshigaya」と借用し、日本の地名という文化的固有性をそのまま保持することで、読者にその差異の受容を求めている。
241,先生は例月その日になると雑司ヶ谷の墓地にある或る仏へ花を手向けに行く習慣なのだそうである。,仏,She told me politely that the sensei was accustomed to visit a certain grave in Zoshigaya on that day every month.,0.5485316515,,a certain grave,調整,適応,原文「仏」が持つ仏教的意味合いを、ターゲット読者が「花を手向ける」行為の対象として機能的に理解できるよう「墓（grave）」という概念に調整し、適応させている。
246,それですぐ踵を回らした。,踵を回らした,So I turned round at once.,0.7727604508,,turned round,調整,最小化,キーワード「踵を回らした」は、身体部位を特定する表現から「turned round」という一般的な動作へ「調整」され、日本語特有の差異を薄め、普遍的な「方向転換」という共通概念に収束させる「最小化」モードを採用している。
248,私は墓地の手前にある苗畠の左側からはいって、両方に楓を植え付けた広い道を奥の方へ進んで行った。すると～～でてきた。,苗畑,"I entered the cemetery from the left-hand side of the field of young plants in front of it, and proceeded along the wide walk bordered with mapletrees, when suddenly from the farthest extremity a man who looked like the sensei came out of a restingbooth.",0.6691185236,,field of young plants,直訳,適応,「苗畑」を「field of young plants」と直訳的に説明することで、英語圏読者が「若い植物を育てる場所」という機能的役割を違和感なく理解できるよう適応させている。
249,私は墓地の手前~~進んで行った。するとその端れに見える茶店の中から先生らしい人がふいと出て来た。,茶店,"I entered the cemetery from the left-hand side of the field of young plants in front of it, and proceeded along the wide walk bordered with mapletrees, when suddenly from the farthest extremity a man who looked like the sensei came out of a restingbooth.",0.5782812834,,restingbooth,調整,最小化,原文「茶店」の「茶」という文化的固有性を省き、「休憩所」という機能的な上位概念「restingbooth」に調整することで、文化差を最小化している。
266,依撒伯拉何々 の墓だの、 神僕 ロギンの墓だのという 傍 に、 一切衆生悉有仏生 と書いた 塔婆 などが建ててあった。,一切衆生悉有仏生,"Beside the tomb-stones which bore the words a certain so-and-so Isabella's restingplace, or the god's servant Rogin's long home, a stupa stood, on which was written, ""All living things possess the quality of Buddha,"" and I noticed the grave of an ambassador plenipotentiary So-and-so.",0.6032501459,,"""All living things possess the quality of Buddha","""",直訳,"適応,「一切衆生悉有仏生」という仏教教義を「All living things possess the quality of Buddha」と直訳。ターゲット読者がその機能的意味を理解できるよう説明的に適応している。"
266,依撒伯拉何々 の墓だの、 神僕 ロギンの墓だのという 傍 に、 一切衆生悉有仏生 と書いた 塔婆 などが建ててあった。,塔婆,"Beside the tomb-stones which bore the words a certain so-and-so Isabella's restingplace, or the god's servant Rogin's long home, a stupa stood, on which was written, ""All living things possess the quality of Buddha,"" and I noticed the grave of an ambassador plenipotentiary So-and-so.",0.6032501459,,a stupa,調整,統合,原文「塔婆」を「a stupa」と訳し、日本の具体的な供養形式を仏教の象徴的建造物という上位概念に調整。機能的等価性を超え、象徴的意味を再構築し概念を融合させている。
269,先生はこれらの墓標が現わす人種々の様式に対して、私ほどに滑稽もアイロニーも認めてないらしかった。,墓標,"Unlike me, the sensei did not seem to see humour or irony in the way those who had been left behind expressed their grief on those stones.",0.5388599038,,those stones,調整,最小化,原文「墓標」を英訳で「those stones」と訳すことで、墓標が持つ文化的・象徴的な意味合いから、その物理的実体である「石」へと調整し、両文化に共通する普遍的な物質としての側面を強調（最小化）している。
274,墓地の区切り目に、大きな銀杏が一本空を隠すように立っていた。,銀杏,"On the border of the walk stood a huge gingko-  tree, so tall that it seemed to be hiding the sky.",0.5639558434,,gingko- tree,借用,受容,原文「銀杏」を、英語に借用された「gingko- tree」で表現することで、日本固有の植物の文化的差異をそのまま保持し、読者にその存在の受容を求めている。
276,この木がすっかり黄葉して、ここいらの地面は金色の落葉で埋まるようになります,紅葉,"It becomes very pretty in a few weeks: The leaves turn entirely yellow, and the ground hereabout will be covered with the golden fallen leaves",0.7328303456,,黄葉 / The leaves turn entirely yellow,転換,最小化,原文「黄葉」を「turn entirely yellow」と品詞転換し、日本の特定の現象としての「黄葉」の文化的意味合いを削ぎ落とし、普遍的な自然現象として扱うことで文化差を最小化している。
279,向うの方で凸凹の地面をならして新墓地を作っている男が、鍬の手を休めて私たちを見ていた。,鍬,"The man, who was digging the uneven ground  to make a new resting-place, stopped his work, and  stood looking at us.",0.7323420048,,stopped his work,調整,最小化,原文「鍬」は英訳で具体的な言及がなく、「鍬の手を休めて」が「stopped his work」と、道具を用いた行為全体に調整され、文化要素の差異を最小化している。
310,ゆくりなくまたそれを思い出させられたのは、小春の尽きるに間のない或る晩の事であった。,小春,It had happened in the  early hours of the evening.,0.6700415611,,early hours of the evening,調整,否認,原文「小春」が持つ晩秋の穏やかな季節感が訳文「early hours of the evening」で完全に削除されており、文化差の存在を「否認」している。情報の枠組みを季節から時間へ「調整」している。
312,先生と話していた私は、ふと先生がわざわざ注意してくれた銀杏の大樹を眼の前に想い浮かべた。,銀杏,"As I talked with the sensei, there came to my  mind the image of the huge gingko-tree to which he  had specially attracted my attention.",0.6689969301,,**gingko-tree,借用,受容,原文「銀杏」を日本語由来の借用語「gingko」に「-tree」を補って「gingko-tree」と訳出し、日本の固有の樹木であることをそのまま提示し、文化的差異の受容を読者に求めている。**
317,「先生雑司ヶ谷の銀杏はもう散ってしまったでしょうか」,銀杏,"""Do you think the leaves have fallen from the gingko-tree in Zoshigaya yet?""",0.6479691267,,the gingko-tree,直訳,適応,「銀杏」を「gingko-tree」と直訳することで、この植物が持つ文化要素を維持しつつ、読者が違和感なく機能的に理解できる等価な表現に置き換えているため、適応段階を採用した。
318,「まだ空坊主にはならないでしょう」,空坊主,"""Perhaps it is not entirely bare yet.""",0.6777845621,,entirely bare,調整,最小化,「空坊主」という日本固有の比喩を「entirely bare」と調整することで、文化的差異を薄め、普遍的な「何もない状態」という概念に最小化している。
320,「今度お墓参りにいらっしゃる時にお伴をしても宜ござんすか。,お墓参り,“ May I go with you when you visit the grave ?,0.8765090108,,visit the grave,調整,最小化,原文「お墓参り」を「visit the grave」と訳し、日本の特定の習慣を「墓を訪れる」という普遍的な行為に調整。文化固有の差異を薄め、読者に共通の行為として提示する最小化の意図が窺える。
331,私は忽ち雑司ヶ谷で「先生」と呼び掛けた時の記憶を強く思い起した。,雑司ヶ谷,All of a sudden the strong memory of Zoshigaya as I called to the sensei came to me.,0.6306978464,,Zoshigaya,借用,受容,原文「雑司ヶ谷」を「Zoshigaya」と借用し、日本の固有の地名をそのまま提示することで、読者にその文化差を受容するよう促している。
351,先生と同郷の学生などには時たま座敷で同座する場合もあったが、彼らのいずれもは皆な私ほど先生に親しみをもっていないように見受けられた。,座敷,"Once  in a while I fell in with some students of his own  province, but none of them seemed as friendly with  him as I was.",0.690453887,,なし,調整,否認,原文「座敷」が英訳で完全に削除され、文化固有の場所に関する情報伝達が放棄されたため、DMISは否認。翻訳手法は、場所の具体的な描写を避け、「同座する」という行動に焦点を調整。
377,私は～～行った。その内いつの間にか先生の食卓で飯を食うようになった。自然の結果～～なった。,食卓,"I continued to go to see him, and finally I was sometimes invited to take supper with him, which gave me more opportunities of conversing with his wife.",0.6684011221,,invited to take supper with him,調整,統合,「食卓で飯を食う」が象徴する「内輪への受容」を「共に夕食をとる」行為に調整し、両文化で通じる親密な関係性の概念として再構築している。
393,奥さんは綺麗な眉を寄せて、私の半分ばかり注いで上げた盃を、唇の先へ持って行った。,盃,"Drawing her well-shaped eye-brows together,  she held to her lips the cup which I had half filled  with sake.",0.7199894786,酒 sake:A kind of wine made from rice.,the cup which I had half filled with sake,調整,適応,「盃」を「the cup...sake」と訳し、特定の酒器を酒を飲む器という機能的概念へ調整、読者がその役割を理解できるよう適応。
412,奥さんは黙っていた。「なぜです」と私が代りに聞いた時先生は「天罰だからさ」といって高く笑った。,天罰,"His wife was silent. But I asked him to explain what he meant. ""It's our nemesis,""he said, laughing aloud.",0.6376947761,,nemesis,等価,最小化,原文「天罰」を「nemesis」と訳し、天が下す罰という具体的な文化差を避け、運命的な報いという普遍的・共通概念に収束させている。
424,私は箱根から貰った絵端書をまだ持っている。,箱根,I still have the picture postcard which he sent to me from Hakone.,0.5416667461,,Hakone,借用,受容,原文「箱根」を「Hakone」と借用し、地名という文化的固有性をそのまま維持。読者に日本の場所であるという文化差の認識を求めているため、受容段階。
424,私は箱根から貰った絵端書をまだ持っている。,葉書,I still have the picture postcard which he sent to me from Hakone.,0.5416667461,,picture postcard,直訳,適応,キーワード「絵端書」は「picture postcard」と直訳され、ターゲット読者が「絵の描かれた葉書」という文化的要素の機能的役割を違和感なく理解できるよう適応させている。
425,日光へ行った時は紅葉の葉を一枚封じ込めた郵便も貰った。,日光,"When he went to Nikko, I got a letter from him which contained a maple leaf.",0.5482595563,,Nikko,借用,受容,原文「日光」を「Nikko」と借用することで、日本の固有名詞の文化的固有性をそのまま維持し、読者にその差異の受容を求めている。
425,日光へ行った時は紅葉の葉を一枚封じ込めた郵便も貰った。,紅葉,"With trembling hands, I folded the letter and  put it into the envelope.",0.5482595563,,**the letter,調整,否認,「紅葉の葉」は訳文「the letter」で具体的に言及されず削除されており、文化要素の情報が失われている。これは、抽象化により文化差を「否認」した「調整」である。**
429,先生の宅は玄関の次がすぐ座敷になっているので、格子の前に立っていた私の耳にその言逆いの調子だけはほぼ分った。,格子,"As the drawing-room in his house  was next to the entrance-hall, my ears could catch  the voices clearly enough to detect their sharpness, though I stood outside of the entrance-door.",0.729026258,,格子（の言及なし）,翻案,適応,原文の「格子」は訳文で直接言及されないが、「格子の前に立つ」状況を「outside of the entrance-door」と翻案。読者が文化差を意識せず状況を機能的に理解できるよう、適応モードで処理されている。
437,私は帰ったなりまだ袴を着けていた。私は～～表へ出た。,袴,"I still wore my hakama, so I went out at once.",0.633903563,hakama:  A kind of kilt worn by students.,hakama,借用,受容,キーワード「袴」を「hakama」と借用し、その文化固有性を維持。注釈で差異の理解を促し、読者に異文化要素の受容を求めている。
438,私は帰ったなり～～着けていた。私はそれなりすぐ表へ出た。,表,"I still wore my hakama, so I went out at once.",0.7262793779,hakama:  A kind of kilt worn by students.,out,転換,最小化,原文「表」の持つ「人目に触れる公の場」という文化的含意が訳文「out」では薄れ、「外」という普遍的共通概念に収束しており、文化差を最小化している。
443,肴の骨が咽喉に刺さった時のように、私は苦しんだ。,魚の骨が喉に刺さった時のように,It tortured me like a fish-bone stuck in my throat.,0.8347236514,,like a fish-bone stuck in my throat,直訳,最小化,キーワード「魚の骨が喉に刺さった時のように」は「like a fish-bone stuck in my throat」と直訳され、魚食文化圏で普遍的な苦痛の経験として、文化差を強調せず共通概念に収束する最小化が意図されている。
462,「そういうと、夫の方はいかにも心丈夫のようで少し滑稽だが。,心丈夫,It hardly seems right for me to speak like this.,0.7180389166,,なし,翻案,否認,原文の「心丈夫」という夫への具体的な描写が英訳では完全に削除され、話者の倫理観を示す文に翻案されたため、文化要素が否認された。
489,先生はその日横浜を出帆する汽船に乗って外国へ行くべき友人を新橋へ送りに行って留守であった。,横浜,The sensei had gone out to Shinbashi to see a friend  off who was going abroad by the steamer which was  to leave Yokohama that day.,0.6437929869,,Yokohama,借用,受容,原文「横浜」を「Yokohama」と借用し、日本の特定の港町の文化的固有性をそのまま保持。読者にその地理的差異の受容を求めている。
489,先生はその日横浜を出帆する汽船に乗って外国へ行くべき友人を新橋へ送りに行って留守であった。,新橋,The sensei had gone out to Shinbashi to see a friend  off who was going abroad by the steamer which was  to leave Yokohama that day.,0.6437929869,,Shinbashi,借用,受容,原文「新橋」を「Shinbashi」と借用し、日本の具体的な地名の文化的差異をそのまま提示し、読者にその受容を求めている。
494,それで私は座敷へ上がって、先生を待つ間、奥さんと話をした。,座敷,So I had a talk with his wife while I waited in his drawing-room.,0.6589087248,,drawing-room,翻案,適応,「座敷」という日本の客間の文化状況を、英語圏の読者が機能的役割（客を待つ場所）を理解しやすい「drawing-room」に置き換え、文化差に適応させている。
504,だから先生の学問や思想については、先生と密切の関係をもっている私より外に敬意を払うもののあるべきはずがなかった。,敬意,"I, who had come into close contact with him, seemed to be the only one who had either knowledge of or respect for his learning or his ideas.",0.6611660719,,respect,等価,最小化,原文の「敬意を払う」を英語の「have respect for」に置換。両文化共通の普遍的尊敬の概念に収束させ、文化差を強調せず共通理解を促す最小化を意図。
507,私にはその答えが謙遜過ぎてかえって世間を冷評するようにも聞こえた。,謙遜,"To me that answer was too modest, until I realized that it showed his cold critical attitude toward the world.",0.6817296743,,too modest,転換,統合,「謙遜」を「too modest」と品詞転換し、続く「until I realized that it showed his cold critical attitude」で、美徳としての謙遜が世間を冷評する概念に転じる複雑な文化的意味を再構築しているため。
531,奥さんは東京の人であった。,東京,I heard from both the sensei and his wife that she was a native of Tokyo.,0.7470892072,,a native of Tokyo,調整,適応,原文「東京の人」を「a native of Tokyo」と調整することで、読者が「東京出身である」という文化的情報を機能的に理解できるよう適応させている。
533,奥さんの父親はたしか鳥取かどこかの出であるのに、お母さんの方はまだ江戸といった時分の市ヶ谷で生れた女なので、奥さんは冗談半分そういったのである。,鳥取,"For her father had come from Tottori, as I remember, while her mother was born in Ichigaya when Tokyo was still called Edo.",0.5883220434,,Tottori,借用,受容,原文の地名「鳥取」を「Tottori」とそのまま借用し、文化的固有性を保持。読者にその差異を認識させ受容を求めている。
533,奥さんの父親はたしか鳥取かどこかの出であるのに、お母さんの方はまだ江戸といった時分の市ヶ谷で生れた女なので、奥さんは冗談半分そういったのである。,江戸,"For her father had come from Tottori, as I remember, while her mother was born in Ichigaya when Tokyo was still called Edo.",0.5883220434,,Edo,借用,受容,原文「江戸」を「Edo」と借用し、その固有名詞としての文化的固有性を保持。補足説明「when Tokyo was still called Edo」により、読者に文化差の意識的理解を促している。
535,ところが先生は全く方角違いの新潟県人であった。,新潟県人,"But the sensei's home was Niigata, a province far away from either Tottori or Tokyo.",0.606446147,,Niigata,a province far away from either Tottori or Tokyo,調整,"適応,「新潟県人」が持つ「方角違い」の機能的意味を、地名と地理的説明を付加することで概念を調整し、ターゲット読者が理解できるよう適応させている。"
553,或る時花時分に私は先生といっしょに上野へ行った。そうして～～カップルを見た。,花時分,"Once in spring-time I went with him to Ueno, and saw a charming couple walking close together under the cherry-blossoms.",0.6404955983,,in spring-time / under the cherry-blossoms,調整,適応,「花時分」を「spring-time」に調整し、「cherry-blossoms」で桜の文化要素を補完。読者がその機能的意味を違和感なく理解できるよう適応。
563,君は今あの男と女を見て、 冷評 しましたね。あの 冷評 のうちには君が恋を求めながら相手を得られないという不快の声が 交っていましょ,冷評,"You spoke unsympathetically of that man and woman, didn't you? In those words of yours is mingled the voice of your unhappiness at not experiencing love when you are seeking for it. Don't you think so?",0.7844480276,,unsympathetically,転換,適応,原文「冷評」を動詞句“spoke unsympathetically”と転換し、冷淡な批評という行為と感情の機能的意味を、読者が自然に理解できるよう置き換えている。
594,先生と私とは博物館の裏から鶯渓の方角に静かな歩調で歩いて行った。,鶯溪,The sensei and I walked slowly along from the back of the Imperial Museum toward Uguisudani.,0.5654426217,,Uguisudani,借用,受容,原文「鶯渓」を「Uguisudani」とローマ字表記で借用し、日本の固有名詞という文化的差異をそのまま提示し、読者にその受容を求めている。
595,垣の隙間から広い庭の一部に茂る熊笹が幽邃に見えた。,垣,"The bamboo clumps covering a part of the garden could be seen through the hedge, looking solitary and mysterious.",0.663793087,,the hedge,等価,最小化,原文「垣」を「the hedge」と訳すことで、日本の垣が持つ固有の素材や形式の多様性を普遍的な「生垣」という概念に収束させ、文化差を薄める「最小化」の視点を示している。
595,垣の隙間から広い庭の一部に茂る熊笹が幽邃に見えた。,幽邃,"The bamboo clumps covering a part of the garden  could be seen through the hedge, looking solitary  and mysterious.",0.663793087,,solitary and mysterious,調整,統合,「幽邃」を「solitary and mysterious」と調整することで、日本語特有の「奥深く静かで趣のある美意識」を、英語圏の読者にも伝わるよう象徴的・比喩的な意味を再構築し、文化概念の統合を図っている。
595,垣の隙間から広い庭の一部に茂る熊笹が幽邃に見えた。,熊笹,"The bamboo clumps covering a part of the garden  could be seen through the hedge, looking solitary  and mysterious.",0.663793087,,the bamboo clumps,調整,最小化,原文「熊笹」を「the bamboo clumps」と訳すことで、特定の日本固有の植物名を一般的な「竹の茂み」という上位概念に収束させ、文化的差異を最小化し、共通の情景を伝える調整手法を用いている。
597,「君は私がなぜ毎月雑司ヶ谷の墓地に埋っている友人の墓へ参るのか知っていますか」,雑司ヶ谷,"""Do you know the reason why I visit my friend's grave in Zoshigaya every month?""",0.7716242671,,Zoshigaya,借用,受容,原文「雑司ヶ谷」を「Zoshigaya」と借用し、固有名詞が持つ日本の文化的固有性をそのまま保持し、読者にその差異の受容を求めている。
616,「私はお気の毒に思うのです」,お気の毒,"""I am sorry for you.""",0.8287933469,,sorry for you,等価,最小化,"キーワード「お気の毒」は、英語の慣用表現 ""sorry for you"" に置き換えられ、両文化に共通する「同情」という普遍的な感情に収束させ、文化差を最小化している。"
616,「気の毒だが信用されないとおっしゃるんですか」,気の毒,"""Is it true that you cannot trust me, and perhaps hesitate to say so ?""",0.8147552013,,and perhaps hesitate to say so,調整,適応,原文「気の毒だが」が持つ相手への配慮という機能を、「and perhaps hesitate to say so」と相手の行動への推測に視点を調整し、英語圏の読者がその機能を自然に理解できるよう適応させている。
617,その庭に、この間まで重そうな赤い強い色をぽたぽた点じていた椿の花はもう一つも見えなかった。,椿の花,"The camellias, with their heavy strong red, had been in bloom when I was there before, but they were all gone now.",0.6152314544,,The camellias,等価,適応,原文「椿の花」を、ターゲット文化で広く認知されている等価な植物名「The camellias」に置換し、文化的差異を認識しつつ、読者が機能的に理解できるように適応している。
618,先生は座敷からこの椿の花をよく眺める癖があった。,座敷,The sensei had a habit of looking at them while he was talking in the drawing-room.,0.5680678487,,the drawing-room,翻案,適応,原文「座敷」を「the drawing-room」と翻案し、日本固有の空間を英語圏読者が機能的に理解できるよう西洋の客間に置き換え、文化差に適応させている。
618,先生は座敷からこの椿の花をよく眺める癖があった。,椿の花,The sensei had a habit of looking at them while he was talking in the drawing-room.,0.5680678487,,them,調整,最小化,原文の「この椿の花（単数）」を「them（複数）」と調整し、花の種類と単複の文化的固有性を削除。これにより、椿の文化差を薄め、単に「眺める対象」という普遍的概念に最小化している。
620,その時生垣の向うで金魚売りらしい声がした。,生垣,"As he spoke, a voice which seemed to be a goldfish vendor's was heard from across the hedge.",0.5642588735,,hedge,直訳,最小化,原文「生垣」を「hedge」と直訳。この語は両文化に共通する普遍的な概念であり、特定の文化差を強調せず、差異を最小化して読者が抵抗なく理解できるよう提示している。
620,その時生垣の向うで金魚売りらしい声がした。,金魚売り,"As he spoke, a voice which seemed to be a goldfish vendor's was heard from across the hedge.",0.5642588735,,goldfish vendor,直訳,最小化,原文「金魚売り」を「goldfish vendor」と直訳し、日本文化特有の風情を伴う移動販売のニュアンスは薄れ、「物を売る人」という普遍的な概念に収束させ、文化差を最小化している。
624,黙って針仕事か何かしている奥さんの耳に私の話し声が聞こえるという事も知っていた。,針仕事,"I knew that my words could  be plainly heard by his wife, sitting in the next room,  busy with needle-work or some other feminine task.",0.7641642094,,needle-work or some other feminine task,調整,適応,「針仕事」が当時の女性の伝統的役割であると読者が機能的に理解できるよう、訳語全体で文化的概念を調整し適応。
628,自分を呪うより外に仕方がないの,呪う,"The only thing that such a man can do, is to curse himself.",0.629938066,,curse himself,直訳,最小化,「自分を呪う」を「curse himself」と直訳することで、自己への非難・絶望といった日英語両文化で共有される普遍的感情を提示し、文化的差異を最小化している。
632,すると襖の陰で「あなた」という奥さんの声が二度聞こえた。,襖の陰で,But just then we heard his wife calling him twice behind the sliding-doors.,0.6474490166,,behind the sliding-doors,調整,最小化,原文「襖の陰で」の「襖」を、日本固有の建具から「sliding-doors」と一般化した機能的上位概念へ調整し、文化差を最小化して読者に共通概念として理解を促している。
676,その頃は日の詰って行くせわしない秋に、誰も注意を惹かれる肌寒の季節であった。,秋,"It was late autumn, and in these chilly days, no one could be indifferent to the atomosphere of bustle which attended the shortening day.",0.8380932808,,autumn,直訳,最小化,原文の「秋」を「autumn」と直訳することで、季節の普遍的要素に焦点を当て、文化的な差異を最小化し、両文化に共通する概念として提示している。
676,その頃は日の詰って行くせわしない秋に、誰も注意を惹かれる肌寒の季節であった。,肌寒い,"It was late autumn, and in these chilly days, no one could be indifferent to the atomosphere of bustle which attended the shortening day.",0.8380932808,,chilly days,直訳,適応,原文「肌寒の季節」を「chilly days」と直訳することで、秋の肌寒い気候という機能的意味を、英語圏の読者が違和感なく理解できる表現に置き換えている。
693,私は畏まったまま烟草を飲んでいた。奥さん～～聞こえた。,煙草を飲む,"I remained in a formal attitude, smoking, and could hear the sensei's wife talking to the maid in the sitting-room.",0.7612641454,,smoking,等価,最小化,「煙草を飲む」という日本語独特の表現を「smoking」に等価置換し、差異を薄めて「喫煙」という共通概念に最小化した。
694,私は畏ま～～飲んでいた。奥さんが茶の間で何か下女に話している声が聞こえた。,茶の間,"I remained in a formal attitude, smoking, and could hear the sensei's wife talking to the maid in the sitting-room.",0.6034648418,,the sitting-room,翻案,適応,原文「茶の間」を「the sitting-room」と訳すことで、日本固有の空間を英語圏の読者が機能的に理解できるよう、文化状況をターゲット文化に翻案し、適応させている。
694,私は畏ま～～飲んでいた。奥さんが茶の間で何か下女に話している声が聞こえた。,下女,"I remained in a formal attitude, smoking, and could hear the sensei's wife talking to the maid in the sitting-room.",0.6034648418,,the maid,調整,最小化,原文「下女」を「the maid」と訳すことで、日本の特定の身分を示す言葉を一般的な家事使用人という共通概念に収束させ、文化差を最小化している。
700,「おや」といって～～私に向けた。そうして客に来た人のように鹿爪らしく控えている私をおかしそうに見た。,鹿爪らしく,"”Why,” she said, looking in, half surprised at me sitting formally like a guest. It seemed to appear ridiculous to her.",0.6826357841,,formally,直訳,最小化,原文「鹿爪らしく控えている」を「sitting formally」と品詞・意味を保ち「直訳」した。「鹿爪らしく」が持つ日本的な「客としての過剰な丁重さ」を「formally」という普遍的な「堅苦しさ」に「最小化」し、文化差を薄めた。
709,私は奥さん～～書斎を出た。茶の間には綺麗な長火鉢に鉄瓶が鳴っていた。,長火鉢,"I followed her to the sitting-room, where an  iron tea-kettle was singing pleasantly on a beautifully  polished oblong brazier.",0.5557203889,,**an oblong brazier,調整,適応,「長火鉢」を「an oblong brazier」と調整し、形状と機能の説明を加えることで、ターゲット読者が日本の固有な文化要素の機能的役割を違和感なく理解できるよう適応させている。**
709,私は奥さん～～書斎を出た。茶の間には綺麗な長火鉢に鉄瓶が鳴っていた。,鉄瓶,"I followed her to the sitting-room, where an  iron tea-kettle was singing pleasantly on a beautifully  polished oblong brazier.",0.5557203889,,iron tea-kettle,直訳,適応,原文「鉄瓶」を「iron tea-kettle」と直訳し、鉄製であることと茶を沸かす機能を明示することで、日本の固有文化をターゲット読者が機能的に理解できるよう適応している。
724,空の盃でよくああ飽きずに献酬ができると思いますわ,空の盃,I wonder why they don’t get tired offering and taking quite empty cups.,0.5077880621,,empty cups,直訳,最小化,原文「空の盃」を「empty cups」と直訳し、「盃」の固有性を「cups」という一般的な器に収めることで、差異を薄め普遍的共通概念に収束させている。
724,空の盃でよくああ飽きずに献酬ができると思いますわ,献酬,I wonder why they don’t get tired offering and taking quite empty cups.,0.5077880621,,offering and taking,調整,最小化,原文の「献酬」が持つ文化的な儀礼的意味合いを、具体的な行為「offering and taking」に調整し、普遍的な「やりとり」として提示することで、文化差を最小化している。
773,けれどもそれは懐かしい春の雲を眺めるような心持で、ただ漠然と夢みていたに過ぎなかった。,春の雲,"But it was like the feeling  which takes possession of us when we look upon  the lovely clouds of spring, a mere indefinite longing.",0.7555196881,,懐かしい春の雲のthe lovely clouds of spring,調整,最小化,原文の「懐かしい春の雲」を「the lovely clouds of spring」と訳すことで、個人的・文化的な「懐かしさ」という感情を、より普遍的な「愛らしさ」という共通感情に調整し、文化差を最小化している。
792,下女部屋にいる下女はことりとも音をさせなかった。私は～～忘れてしまった。,下女部屋,"No sound was heard from the maid in the servant's room, and the thought of the thief had disappeared entirely from my mind.",0.6976799965,,the servant's room,調整,最小化,「下女部屋」を「the servant's room」と訳すことで、特定の女性使用人を指す「下女」の差異を薄め、普遍的な「使用人」の部屋という共通概念に収束させている。
798,奥さんは～～掻き馴らせた。それから水注の水を鉄瓶に注した。鉄瓶は忽ち鳴りを沈めた。,水注,"She levelled the ashes in the brazier, and poured  water into the iron kettle, which stopped singing at  once.",0.5969341993,,poured water,調整,最小化,原文の「水注の水を」を「poured water」と訳し、水注という固有の容器名を省略し、その機能である水を注ぐ行為に焦点を当てることで文化差を最小化している。
798,奥さんは～～掻き馴らせた。それから水注の水を鉄瓶に注した。鉄瓶は忽ち鳴りを沈めた。,鉄瓶,"She levelled the ashes in the brazier, and poured  water into the iron kettle, which stopped singing at  once.",0.5969341993,,iron kettle,直訳,最小化,原文「鉄瓶」を「iron kettle」と直訳し、日本固有の「鉄瓶」の差異を、素材と機能による共通概念（鉄製の湯沸かし器）に収束させ、読者が理解しやすいよう最小化している。
858,下女だけは仮寝でもしていたとみえて、ついに出て来なかった。,下女,"The maid did not appear, she must have been dozing in her room.",0.665410161,,The maid,等価,最小化,原文「下女」を「The maid」とすることで、日本の特定の身分階級の差異を薄め、家事使用人という両文化に共通する普遍的な概念に収束させているため。
871,奥さんはそういいながら、先刻出した西洋菓子の残りを、紙に包んで私の手に持たせ,西洋菓子,"So saying, she wrapped up the cakes which I had left, and handed them to me.",0.7242237329,,cakes,調整,最小化,原文「西洋菓子」を「cakes」と訳し、和菓子との対比からくる「西洋」という文化的差異を薄め、普遍的な「菓子」という共通概念に収束させている。
879,私はその翌日午飯を食いに学校から帰ってきて、昨夜机の上に載せて置いた菓子の包みを見ると、すぐその中からチョコレートを塗った鳶色のカステラを出して頰張った。,鳶色,"At noon on the next day,  when I returned from school to take lunch, and  looked at the package of cakes on my desk, I at once  attacked one decorated with chocolate.",0.6535353661,,decorated with chocolate,調整,否認,原文「鳶色」という日本の伝統的な色彩情報が訳文「decorated with chocolate」では完全に削除され、文化的差異の痕跡を残さない。色の情報から装飾の情報へと視点が調整された結果、DMISの否認段階を意図的に採用したと見られる。
885,それまで繻絆というものを着た事のない私が、シャツの上に黒い襟のかかったものを重ねるようになったのはこの時からであった。,繻絆,"It was after that  that I, who had never worn juban 1 before, began to  wear one with a black collar over my shirt.",0.7592012286,juban:A kind of underwear for Japanese kimono.,juban 1,借用,受容,原文「繻絆」を「juban」と借用し、注釈で機能説明を付すことで、文化的固有性を保ちつつ、読者に差異の受容を促している。
914,先生はこの日あたりの好い室の中へ大きな火鉢を置いて、五徳の上に懸けた金盥から立ち上る湯気で、呼吸の苦しくなるのを防いでいた。,五徳,"There was a huge brazier in this sun-lit room, and with the help of the steam  from the basin boiling on it, the sensei was trying to  ease his breathing.",0.6076392531,,the basin boiling on it,調整,最小化,原文の「五徳」を削除し、「the basin boiling on it」と金盥が火鉢の上で沸騰する状況描写に調整することで、文化的差異を薄め普遍的な概念に収束する最小化を採用している。
914,先生はこの日あたりの好い室の中へ大きな火鉢を置いて、五徳の上に懸けた金盥から立ち上る湯気で、呼吸の苦しくなるのを防いでいた。,金盥,"There was a huge brazier in this sun-lit room, and with the help of the steam  from the basin boiling on it, the sensei was trying to  ease his breathing.",0.6076392531,,basin,調整,最小化,原文「金盥」の「金」という具体的な材質情報を外し、より一般的な「basin」に調整することで、文化差を薄め、共通の「容器」という普遍概念に収束させる最小化のモードを採用している。
926,それを奥の茶簞笥か何かの抽出から出して来た奥さんは、白い半紙の上へ鄭寧に重ねて、「そりゃご心配ですね」といった。,茶箪笥,"When she took the bank-notes out of a some cabinet in the back-room, ”O I am very sorry. You must be anxious about your father.”",0.609552443,,cabinet,調整,最小化,原文「茶簞笥」を「cabinet」と調整することで、日本の固有家具という文化差を、一般的な収納家具という共通概念に最小化し、読者が普遍的に理解できるようにした。
936,それでも着いた時は、床の上に胡坐をかいて,胡座,"When I reached home, however, he sat cross-legged on his bed,",0.7242524028,,sat cross-legged,等価,最小化,原文「胡座をかいて」を「sat cross-legged」と訳し、両文化共通の「足を組む」という上位概念に収束させ、文化差を最小化している。
940,母は不承無性に太織りの蒲団を畳みながら「お父さんはお前が帰って来たので、急に気が強くおなりなんだよ」といった。,不承無性,"As she reludrantly folded the heavy quilts,  my mother said, “ Your father has become much  brighter since you came back.”",0.7325561047,,reluctantly,調整,最小化,原文「不承無性」を「reluctantly」とすることで、日本特有の心情を普遍的な「気が進まない」感情に調整し、文化差を最小化している。
943,私の兄はある職を帯びて遠い九州にいた。,九州,"My elder brother’s profession took him to faraway Kyushu,",0.7749542594,,Kyushu,借用,受容,原文「九州」を「Kyushu」と借用し、日本の固有地名としての文化差をそのまま提示し、読者にその受容を求めている。
957,私は先生に手紙を書いて恩借の礼を述べた。正月上京する時に持参するからそれまで待ってくれるようにと断わった。,正月,"I wrote to the sensei, and thanked him for his kindness in lending me the money, and told him that would bring it back when I returned to Tokyo in January.",0.730776906,,January,調整,最小化,原文「正月」を「January」と訳すことで、新年の祝いという文化的側面を調整・削除し、「上京する時期」という機能に限定して「1月」という普遍的な時間概念に最小化している。
957,私は先生に手紙を書いて恩借の礼を述べた。正月上京する時に持参するからそれまで待ってくれるようにと断わった。,上京,"I wrote to the sensei, and thanked him for his kindness in lending me the money, and told him that would bring it back when I returned to Tokyo in January.",0.730776906,,returned to Tokyo,調整,最小化,原文「上京」の「地方から首都へ」という文化的差異を、「東京へ戻る」という普遍的な移動概念に調整し、差異を最小化。
963,「こんど東京へ行くときには椎茸でも持って行ってお上げ」,東京,”You had better take some dried mushrooms as a present to him when you go to Tokyo next time.”,0.6934876442,,Tokyo,借用,受容,原文「東京」を「Tokyo」と借用することで、固有名詞としての文化的固有性を保持し、読者にその差異をそのまま認識し受け入れるよう求めている。
963,「こんど東京へ行くときには椎茸でも持って行ってお上げ」,椎茸,”You had better take some dried mushrooms as a present to him when you go to Tokyo next time.”,0.6934876442,,dried mushrooms,調整,最小化,キーワード「椎茸」を「dried mushrooms」と訳し、特定のキノコを「乾燥キノコ」という一般的な概念に調整。日本の「椎茸」が持つ固有性を薄め、普遍的な「乾燥キノコ」という上位概念に収束させることで、文化差を最小化している。
978,私は退屈な父の相手としてよく将碁盤に向かった。,将棋盤,"In order to amuse my father, I often sat with him at Japanese chess.",0.6620810628,,Japanese chess,調整,適応,原文の「将碁盤」を「Japanese chess」と訳し、具体的な道具からターゲット読者が理解しやすい機能的役割（ゲーム）へと概念を調整・適応させている。
979,二人とも無精な性質なので、炬燵にあたったまま、盤を櫓の上へ載せて、駒を動かすたびに、わざわざ手を掛蒲団の下から出すような事をした。,炬燵,"It was so cold that we had no courage to drag ourselves away from the warm sunken fireplace with its wadded covering, so we placed the chess-board on the quilt and played comfortably.",0.4856975675,,the warm sunken fireplace with its wadded covering,翻案,適応,原文「炬燵」を「the warm sunken fireplace with its wadded covering」と置き換え、ターゲット読者がその機能的役割を違和感なく理解できるよう翻案・適応している。
979,二人とも無精な性質なので、炬燵にあたったまま、盤を櫓の上へ載せて、駒を動かすたびに、わざわざ手を掛蒲団の下から出すような事をした。,盤,"It was so cold that we had no courage to drag ourselves away from the warm sunken fireplace with its wadded covering, so we placed the chess-board on the quilt and played comfortably.",0.4856975675,,chess-board,調整,適応,原文「盤」を「chess-board」と訳し、日本のボードゲーム盤を英語圏で一般的な具体的なチェス盤に調整。読者が機能的役割を理解できるよう適応させた。
979,二人とも無精な性質なので、炬燵にあたったまま、盤を櫓の上へ載せて、駒を動かすたびに、わざわざ手を掛蒲団の下から出すような事をした。,櫓,"It was so cold that we had no courage to drag ourselves away from the warm sunken fireplace with its wadded covering, so we placed the chess-board on the quilt and played comfortably.",0.4856975675,,**on the quilt,翻案,適応,原文の「櫓」は訳出されず、「櫓の上へ載せて」を「on the quilt」とすることで、その機能（盤を置く場所）を読者が機能的に理解できるよう翻案している。**
983,それを母が灰の中から見付け出して、火箸で挟み上げるという滑稽もあった。,火箸,"It was  my mother who usually found them in the ashes, and picked them out with the tongs, which was quite  a ridiculous sight.",0.6908781528,,the tongs,等価,適応,原文「火箸」を「the tongs」と訳し、日本の道具の文化的固有性を保たず、ターゲット読者が機能的役割を理解できる等価物へ適応させている。
991,私は金や香車を握った拳を頭の上へ伸ばして、時々思い切ったあくびをした。,金,I often stretched my arms and even yawned.,0.6894717813,,(なし),調整,否認,原文の「金」が指す将棋の駒という文化要素は英訳で完全に削除され、単に「stretched my arms」と一般的な動作に調整されている。これは文化差の存在を否認し、読者への提示を避けている。
991,私は金や香車を握った拳を頭の上へ伸ばして、時々思い切ったあくびをした。,香車,I often stretched my arms and even yawned.,0.6894717813,,（対応なし）,調整,否認,原文の「香車」は英訳で対応語句が完全に削除され、具体的な情報が失われている。「金や香車を握った拳」が「stretched my arms」と一般的な動作に調整され、香車の文化要素は完全に否認されている。
998,それでいて、この将碁を差したがる父は、単なる娯楽の相手としても私には物足りなかった。,将棋,"Yet my father, who loved to  play chess, was unsatisfactory to me even as a companion for games.",0.6482940316,,chess,翻案,適応,原文「将棋」を「chess」に翻案し、ターゲット読者が持つ戦略ボードゲームの概念に合わせ、機能的等価性を保ちつつ文化差に適応させている。
1009,私も滞在中にその峠を通り越した。,峠,"My parents' regard, too, passed its height during my stay.",0.6704736352,,height,調整,統合,原文「峠」が持つ比喩的・象徴的な「ピークの通過」という意味を「height」と調整し、親の敬意という文脈に融合させて文学的に再構築している。
1010,昔でいうと、儒者の家へ切支丹の臭いを持ち込むように、私の持って帰るものは父とも母とも調和しなかった。,儒者,"Like a Christian bringing the influence of his strange doctrine to a Confucian's home in old days, what I brought from Tokyo did not harmonize with my parents' way of life.",0.6841402054,,a Confucian's home,調整,適応,原文「儒者」の伝統的・権威的価値観の象徴という機能的役割を、訳文「Confucian」で英語圏読者が違和感なく理解できるよう等価な要素に置き換えているため。
1010,昔でいうと、儒者の家へ切支丹の臭いを持ち込むように、私の持って帰るものは父とも母とも調和しなかった。,切支丹,"Like a Christian bringing the influence of his strange doctrine to a Confucian's home in old days, what I brought from Tokyo did not harmonize with my parents' way of life.",0.6841400862,,Christian bringing the influence of his strange doctrine,調整,適応,「切支丹の臭い」を「Christian bringing the influence of his strange doctrine」と調整し、異質な教義がもたらす不調和という機能的意味を、読者が理解できるよう適応させている。
1021,東京へ帰ってみると、松飾はいつか取り払われていた。,松飾,"I returned to Tokyo, the gay New Year's decorations had been already removed.",0.7228272557,,the gay New Year's decorations,調整,適応,キーワード「松飾」を「the gay New Year's decorations」と訳し、「松」の具体性から「New Year's」という機能と「gay」で祝祭的雰囲気を伝え、ターゲット読者が機能的に理解できるよう適応させている。
1021,町は寒い風の吹くに任せて、どこを見てもこれというほどの正月めいた景気はなかった。,正月,"The street was exposed to the chilly wind, and not a vestige of  the New Year gaiety was anywhere to be seen.",0.6703383923,,New Year,直訳,最小化,原文「正月」を「New Year」と直訳することで、日本固有の「正月」が持つ具体的な文化差を薄め、両文化に共通する「新年」という普遍的な上位概念に収束させているため。
1071,狼狽した気味の私は、早速先生の所へ出掛けて、私の読まなければならない参考書を聞いた。,狼狽,"In somewhat of a panic, ”I went to see him at onece,and asked him the titles of the books I had to read.”",0.8544415832,,In somewhat of a panic,調整,適応,原文「狼狽した気味」を「In somewhat of a panic」と、感情の度合いと状態を示す表現に調整し、ターゲット読者が機能的に理解できる等価な表現に置き換えている。
1094,私の眼は好事家が骨董でも掘り出す時のように背表紙の金文字をあさった。,好事家,"Like a collector trying to find some curios,I scanned the titles of the books written in gold.",0.5450437069,,collector,調整,最小化,「好事家」を「collector」と訳し、原文の「珍しいものを好む趣味人」という特定の意味合いを、より普遍的な「収集家」に調整することで、文化差を最小化している。
1094,私の眼は好事家が骨董でも掘り出す時のように背表紙の金文字をあさった。,骨董,"Like a collector trying to find some curios,I scanned the titles of the books written in gold.",0.5450437069,,curios,直訳,最小化,「骨董」を「curios」と訳すことで、日本文化固有の文脈を薄め、「珍しい収集品」というより一般的な共通概念に収束させている。
1098,私はついに四月の下旬が来て、やっと予定通りのものを書き上げるまで、先生の敷居を跨がなかった。,敷居,I did not call on the sensei until the end of April when the work was finished.,0.6442409158,,did not call on,等価,最小化,原文「敷居」は訳出されず、「敷居を跨がなかった」が持つ「訪問しなかった」という機能が「did not call on」と等価表現で示され、文化差を最小化している。
1101,私の自由になったのは、八重桜の散った枝にいつしか青い葉が霞むように伸び始める初夏の季節であった。,八重桜,"It was at the beginning of summer that I was emancipated from study, when in place of the double cherry-blossoms, a mist of delicate green leaves began to cover the branches.",0.7065207958,,double cherry-blossoms,直訳,適応,原文「八重桜」を「double cherry-blossoms」と直訳し、ターゲット読者が「八重咲きの桜」の特徴と季節的機能を理解できるよう文化固有要素を適応させている。
1101,私の自由になったのは、八重桜の散った枝にいつしか青い葉が霞むように伸び始める初夏の季節であった。,初夏,"It was at the beginning of summer that I was emancipated from study, when in place of the double cherry-blossoms, a mist of delicate green leaves began to cover the branches.",0.7065207958,,at the beginning of summer,直訳,最小化,「初夏の季節」を「at the beginning of summer」と直訳することで、日本固有の季節感を普遍的な「夏の始まり」という共通概念に収束させ、文化差を最小化している。
1104,枳殻の垣が黒ずんだ枝の上に、萌るような芽を吹いていたり、柘榴の枯れた幹から、つやつやしい茶褐色の葉が、柔らかそうに日光を映していたりするのが、道々私の眼を引き付けた。,枳殻,"As I walked along, I was  attracted by the fresh buds on the blackish branches  of the hedge of aegle sepiaria, and by the bright  reddish-brown leaves softly reflecting the sunshine  on the bare pomegranate-tree.",0.83161062,,aegle sepiaria,調整,適応,「枳殻」を学名「aegle sepiaria」に調整することで、文化固有の植物名を普遍的な学術名称に置き換え、ターゲット読者がその植物を機能的に理解できるよう適応させている。
1104,枳殻の垣が黒ずんだ枝の上に、萌るような芽を吹いていたり、柘榴の枯れた幹から、つやつやしい茶褐色の葉が、柔らかそうに日光を映していたりするのが、道々私の眼を引き付けた。,柘榴,"As I walked along, I was  attracted by the fresh buds on the blackish branches  of the hedge of aegle sepiaria, and by the bright  reddish-brown leaves softly reflecting the sunshine  on the bare pomegranate-tree.",0.83161062,,pomegranate-tree,直訳,適応,原文「柘榴」を「pomegranate-tree」と標準的な英語名に直訳することで、ターゲット読者がその植物の機能的役割を自然に理解できるよう等価な要素に置き換えているため。
1134,躑躅が燃えるように咲き乱れていた。,躑躅,The flaming azaleas were in full bloom.,0.6193765402,,azaleas,直訳,最小化,原文「躑躅」を「azaleas」と直訳することで、日本固有の植物名が持つ文化差を「つつじ」という共通概念に収束させ、読者にとっての差異を最小化している。
1135,先生はそのうちで樺色の丈の高いのを指して、「これは霧島でしょう」といった。,霧島,"The sensei pointed to a tall one of orange hue, and said:”I suppose this is kirishima.”.",0.4946670234,,kirishima,借用,受容,原文「霧島」を「kirishima」と音訳し、日本語固有の固有名詞の文化的差異をそのまま提示し、読者にその受容を求めている。
1137,芍薬も十坪あまり一面に植え付けられていたが、まだ季節が来ないので花を着けているのは一本もなかった。,芍薬,"A garden of peonies covered a plot about twenty feet square, but it was too early for the flowers.",0.5230855942,,peonies,直訳,適応,原文「芍薬」を「peonies」と直訳し、ターゲット読者が日本の庭園情景を機能的に理解できるよう、文化差を認識した上で適応させている。
1143,同じ楓の樹でも同じ色を枝に着けているものは一つもなかった。,楓,Not a single leaf had the same colour as another even on one maple-tree.,0.8204889894,,maple-tree,直訳,適応,原文「楓の樹」を「maple-tree」と直訳し、日英語圏で共有される紅葉の美しさという文化的機能をターゲット読者が違和感なく理解できるよう適応させている。
1144,細い杉苗の頂に投げ被せてあった先生の帽子が風に吹かれて落ちた。,杉苗,"There was a breeze, and the sensei’s hat, perched on the top of a young cedar, fell to the ground.",0.6540266871,,a young cedar,直訳,最小化,「杉苗」を「a young cedar」と直訳することで、日本の特定の植生としての文化的差異を薄め、普遍的な「若い杉」という共通概念に収束させている。
1192,今から予想してかかるような言葉遣いをするのが気に触ったら許してくれたまえ。,言葉遣い,”Forgive me for speaking as if I expected your father to die.,0.6829875708,,speaking as if I expected your father to die,調整,適応,キーワード「言葉遣い」を「speaking as if I expected your father to die」と、抽象概念を具体的な発言内容へ「調整」している。これにより、原文の文化的配慮（不吉な発言への忌避）がターゲット読者に機能的に伝わるよう「適応」させている。
1210,縁台の横から後部へ掛けて植え付けてある杉苗の傍に、熊笹が三坪ほど地を隠すように茂って生えていた。,杉苗,"Near the plantation of young cedars beside and behind the bench, bamboo clumps grew about eleven feet square, so think that they seemed to hide the ground.",0.6347866654,,young cedars,調整,最小化,原文「杉苗」を「young cedars」と訳すことで、「苗」という具体的な状態から「young」という属性に概念の枠組みを調整し、差異を薄め、両文化に共通する「若い杉の木」という普遍的な概念へ最小化している。
1210,縁台の横から後部へ掛けて植え付けてある杉苗の傍に、熊笹が三坪ほど地を隠すように茂って生えていた。,熊笹,"Near the plantation of young cedars beside and behind the bench, bamboo clumps grew about eleven feet square, so think that they seemed to hide the ground.",0.6347866654,,bamboo clumps,調整,最小化,原文の「熊笹」という日本固有の具体的な植物名を、より一般的な「bamboo clumps（笹の茂み）」へと調整し、文化的な差異を薄め、共通の植物概念に収束させている。
1210,縁台の横から後部へ掛けて植え付けてある杉苗の傍に、熊笹が三坪ほど地を隠すように茂って生えていた。,三坪,"Near the plantation of young cedars beside and behind the bench, bamboo clumps grew about eleven feet square, so think that they seemed to hide the ground.",0.6347866654,,eleven feet square,調整,最小化,原文「三坪」を「eleven feet square」と換算し、日本固有の単位をターゲット読者に理解可能な具体的な面積に調整。これにより文化的差異を薄め、共通概念へ収束させる最小化モードを採用している。
1219,懐中から蟇口を出して、五銭の白銅を小供の手に握らせた。,蟇口,"He took his purse from his bosom, and put a five sen coin in the boy’s hand.",0.6818122864,,his purse,調整,最小化,原文「蟇口」を「his purse」と訳すことで、特定の形状の財布という文化的要素を「財布」という一般的な上位概念に調整し、文化差を最小化している。
1219,懐中から蟇口を出して、五銭の白銅を小供の手に握らせた。,五銭,"He took his purse from his bosom, and put a five sen coin in the boy’s hand.",0.6818122864,,a five sen coin,直訳,受容,原文「五銭」を「five sen」と直訳的に訳し、日本の旧通貨単位の固有性を維持。読者にその文化差の認識と受容を求めている。
1223,「今斥候長になってるところなんだよ」,斥候長,"”I am playing soldiers, I am a scount-master.”   ",0.6738144755,,scout-master,直訳,適応,「斥候長」を「scout-master」と直訳し、兵隊ごっこにおける役割を、ターゲット読者が機能的に理解できるよう文化的に適応させている。
1238,眼の前にある樹は大概楓であったが、その枝に滴るように吹いた軽い緑の若葉が、段々暗くなって行くように思われた。,楓,"Almost all the trees in front of us were maples, and the delicate green leaves opened on their branches, bright and watery.But those leaves seemed to begin to look darker.",0.7830255032,,maples,直訳,最小化,原文の「楓」を「maples」と直訳することで、日本文化固有の美意識や季節感を示唆する可能性を薄め、両文化に共通する一般的な植物としてのカエデに収束させている。
1240,遠い往来～～聞こえた。私はそれを村の男が植木か何かを載せて縁日へでも出掛けるものと想像した。,縁日,"I heard a waggon rumbling along the far-away road, and imagined a villager carrying plants and vegetables to a local fete.",0.6087418795,,local fete,翻案,適応,原文「縁日」を「fete」と翻案することで、ターゲット読者が「村人が植木を運ぶ場所」という機能的役割を違和感なく理解できるよう適応させている。
1286,それでも所々宅地の隅などに、豌豆の蔓を竹にからませたり、金網で鶏を囲い飼いにしたりするのが閑静に眺められた。,豌豆,"Yet at the corners  of these houses were tendrils of peas clinging to bamboo-sticks, or plots for hens covered with wirenetting, looking quiet and restful.",0.8403564095,,peas,直訳,最小化,原文「豌豆」を「peas」と直訳することで、文化差を強調せず普遍的な植物として提示し、読者に文化差を意識させない共通理解を促している。
1286,それでも所々宅地の隅などに、豌豆の蔓を竹にからませたり、金網で鶏を囲い飼いにしたりするのが閑静に眺められた。,金網,"Yet at the corners  of these houses were tendrils of peas clinging to bamboo-sticks, or plots for hens covered with wirenetting, looking quiet and restful.",0.8403564095,,wirenetting,直訳,最小化,原文の「金網」は「wirenetting」と直訳され、両文化に共通する物理的な網状構造物として提示されている。これにより、文化的な差異を薄め、普遍的な概念として共通点に収束させているため、最小化段階に位置する。
1304,私の父の前には善人であったらしい彼らは、父の死ぬや否や許しがたい不徳義漢に変ったのです。,不徳義漢,"They, who seemed to be honest before my father, soon after his  death, became wicked, unforgivably wicked.",0.8094999194,,wicked,unforgivably wicked,転換,"統合,原文「不徳義漢」を「wicked, unforgivably wicked」と名詞から形容詞に転換。単なる不道徳ではなく「許されざる邪悪さ」という象徴的な意味を再構築し、語り手の感情的重みを昇華させている。"
1352,卒業式の日、私は黴臭くなった古い冬服を行李の中から出して着た。,行李,"On the graduation day, I put on an old winter suit,  which smelt of mould from its long residence in a baskettrunk.",0.7973490953,,baskettrunk,調整,統合,原文「行李」を「baskettrunk」と翻訳することで、その形態的・機能的特徴を英語の語彙で再構築し、ターゲット読者に日本の文化要素を柔軟に融合させた概念として提示している。
1354,私は風の通らない厚羅紗の下に密封された自分の身体を持て余した。,厚羅紗,"I did not know what to do with my poor body, swathed in wool which did not allow the slightest ventilation.",0.6423524022,,wool,調整,最小化,原文「厚羅紗」を「wool」と調整し、特定の毛織物名を普遍的な「毛織物」に置換することで、文化固有性を薄め、両文化に共通する素材として最小化している。
1366,先生のうちで飯を食うと、きっとこの西洋料理店に見るような白いリンネルの上に、箸や茶碗が置かれた。,箸,"Whenever I took dinner at his house, they always placed  the bowls and fuxshi 1 on the white linen cloth as  was the custom in foreign restaurants.",0.5545615554,,fuxshi 1,借用,受容,原文「箸」を一般的な等価語「chopsticks」ではなく「fuxshi 1」と音を借用的に表記することで、文化固有性を提示し、読者にその差異の受容を求めている。
1366,先生のうちで飯を食うと、きっとこの西洋料理店に見るような白いリンネルの上に、箸や茶碗が置かれた。,茶碗,"Whenever I took dinner at his house, they always placed  the bowls and fuxshi 1 on the white linen cloth as  was the custom in foreign restaurants.",0.5545615554,,the bowls,調整,最小化,原文「茶碗」を「the bowls」と訳すことで、固有の「茶碗」を汎用的な食器の「調整」で示し、文化差を共通概念に収束させ「最小化」している。
1374,「先生は癇性ですね」とかつて奥さんに告げた時、奥さんは「でも着物などは、それほど気にしないようですよ」と答えた事があった。,着物,"When I once remarked to his wife that he was sensitive, she replied,”But he does not trouble himself about his dress.”",0.6674745679,,his dress,調整,最小化,原文「着物」を「his dress」と「調整」することで、日本固有の衣服という文化的差異を薄め、普遍的な「服装」という概念に収束させ、読者が文化差を意識せずに理解できるよう「最小化」している。
1381,「お目出とう」といって、先生が私のために杯を上げてくれた。私はこの盃に対してそれほど嬉しい気を起さなかった。,盃,"“ Congratulations,” the sensei said, and raised  his cup to me.These words did not produce the desired effect.",0.6833930016,,cup,調整,最小化,「盃」を「cup」と訳すことで、日本特有の酒器の文化的要素は薄められ、単なる「飲み物の器」という普遍的な概念に調整されている。これにより文化差が最小化され、ターゲット読者は違和感なく共通の概念として理解できる。
1381,「お目出とう」といって、先生が私のために杯を上げてくれた。私はこの盃に対してそれほど嬉しい気を起さなかった。,杯,"“ Congratulations,” the sensei said, and raised  his cup to me.These words did not produce the desired effect.",0.6833930016,,his cup,直訳,最小化,原文「杯」を「his cup」と直訳することで、祝いの席で用いられる酒器の文化的ニュアンスを薄め、飲み物を入れる器という共通概念に収束させ、文化差を最小化している。
1405,奥さんは下女を呼んで食卓を片付けさせた後へ、改めてアイスクリームと水菓子を運ばせた。,アイスクリーム,"She called the maid, who cleared away the table,  and brought ice-cream and fruit instead.",0.7560925484,,ice-cream,直訳,最小化,キーワード「アイスクリーム」を「ice-cream」と直訳し、両文化で共通の概念として提示することで文化差を最小化した。
1405,奥さんは下女を呼んで食卓を片付けさせた後へ、改めてアイスクリームと水菓子を運ばせた。,水菓子,"She called the maid, who cleared away the table,  and brought ice-cream and fruit instead.",0.7560925484,,fruit,等価,最小化,原文の「水菓子」を「fruit」と訳し、食後のデザートという機能は維持するが、「冷菓」などの固有のニュアンスを排し、文化差を最小化している。
1488,先生は手に持った団扇をわざとばたばたいわせた。そうしてまた奥さんを顧みた。,団扇,"He purposely flapped the fan in his hand, and turned to his wife again.",0.5805693865,,the fan,調整,最小化,原文の具体的な文化要素「団扇」を、より一般的な上位概念である「fan」に「調整」し、その文化的固有性を薄め、共通する「風を起こす道具」という機能的共通点に「最小化」している。
1493,「古本屋に売るさ」,古本屋,You can sell them to a second-hand book seller.,0.5679597259,,a second-hand book seller,等価,最小化,原文「古本屋」を「a second-hand book seller」と訳し、古本屋の文化的固有性より、「中古品を扱う商売」という普遍的機能の等価表現を選択。差異を薄め、共通概念へ収束する最小化段階。
1500,縁喜でもない。,縁起,Please don't do it any more.,0.6846907139,,[対応なし],調整,否認,原文の「縁喜（縁起）」が持つ吉凶や前兆という文化的意味合いは、訳文で完全に削除され、行為の中止を求める普遍的な表現に調整されており、文化差を否認している。
1505,玄関と門の間にあるこんもりした木犀の一株が、私の行手を塞ぐように、夜陰のうちに枝を張っていた。,木犀,"The dense fragrant olive between the entrance-door and the gate stretched its branches in the dark, as if trying to block my way.",0.7389726043,,fragrant olive,直訳,適応,原文「木犀」を「fragrant olive」と直訳することで、ターゲット読者がその植物の機能的役割を違和感なく理解できるよう、適応の段階を選んでいる。
1523,私は電車の中で汗を拭きながら、他の時間と手数に気の毒という観念をまるでもっていない田舎者を憎らしく思った。,田舎者,"Wiping my perspiring face in the  electric-car, I hated those countrymen who did not feel a bit sorry for taking my time and troubling me so much.",0.6790159941,,countrymen,調整,適応,原文「田舎者」の蔑視的含意を「countrymen」というより記述的な語に調整。その「常識がない」機能的役割を、具体的な迷惑行為で補足し、読者が理解できるよう適応させている。
1527,それを履行するに必要な書物も手に入れなければ、ならなかった。私は半日を丸善の二階で潰す覚悟でいた。,丸善,"In order to carry out my program me I had to get some necessary books, and I resolved to spend half a day on the first floor of Maruzen.",0.580609858,,Maruzen,借用,受容,原文「丸善」を「Maruzen」と借用し、日本の著名な書店という固有名詞の文化的固有性を維持。読者にその存在と差異をそのまま提示し、受容を促している。
