Location,Highlight_JP,Note,Highlight_EN,Similarity,注釈,translation_method,dmis_stage,備考
74,私はその人を常に先生と呼んでいた。だから～～使う気にならない,先生,"I never called him anything else, so I will write about him here only as the sensei without mentioning his name, not because of any hesitation in doing so, but simply because the sensei comes naturally to my mind when I think of him.",0.528726995,,借用,受容,"原文「先生」を""sensei""と借用し、日本文化固有の敬称と人間関係のニュアンスを保持した。これは文化差を認め、そのまま提示する受容段階を意図的に採用したと解釈できる。"
78,私が先生と知り合いになったのは鎌倉である。,鎌倉,It was in Kamakura that we first met.,0.5758598447,,借用,受容,"原文「鎌倉」を""Kamakura""と固有名詞としてそのまま保持し、日本の地名という文化差を認め受容する段階を意図的に選択した。"
79,その時私はまだ若々しい書生であった。暑中休暇を利用して海水浴に行った友達からぜひ来いという端書を受け取ったので、私は多少の金を工面して、出掛ける事にした。,書生,"I was a  young student then.",0.5670327544,,調整,最小化,"原文「書生」を""young student""と訳し、日本の特定の学生像をより普遍的な「若い学生」という概念に調整することで、文化差を最小化した。"
79,その時私はまだ若々しい書生であった。暑中休暇を利用して海水浴に行った友達からぜひ来いという端書を受け取ったので、私は多少の金を工面して、出掛ける事にした。,葉書,"A friend who was staying there during the vacation asked me to come and spend a few days with him, and after waiting two or three days to raise the extra money, I went.",0.5670327544,,翻案,適応,原文「端書」という通信手段を訳文で「asked me to come」というメッセージ内容に翻案し、通信手段の差異を適応段階の再構築で解消した。
95,宿は鎌倉でも辺鄙な方角にあった。,鎌倉,The lodging was in an out-of-the-way comer in  Kamakura.,0.6954759955,,借用,受容,"原文「鎌倉」を""Kamakura""と借用することで、固有名詞の文化差異をそのまま保持し、受容段階を演じて訳出した。"
96,玉突きだのアイスクリームだのというハイカラなものには長い畷を一つ越さなければ手が届かなかった。車で～取られた。,畷,"We could not reach such fashionable enjoyments as billiards or ice-cream without traversing a long lane between the rice-fields, and it cost twenty sen to go by rickshaw. ",0.5146593451,,調整,適応,"原文「畷」を""a long lane between the rice-fields""と、日本の風景を説明的に再構築する調整手法で他文化視点に寄せた。これは適応段階の翻訳と解釈できる。"
97,玉突きだの～～届かなかった。車で行っても二十銭は取られた。,二十銭,"We could not reach such fashionable  enjoyments as billiards or ice-cream without travers-  ing a long lane between the rice-fields, and it cost  twenty sen to go by rickshaw.",0.4780345261,,借用,受容,原文「二十銭」を「twenty sen」と訳出し、日本の固有通貨単位「銭」を借用し、文化的な差異を保持したため。
99,古い燻ぶり返った藁葺の間を通り抜けて磯へ下りると、この辺にこれほどの都会人種が住んでいるかと思うほど、避暑に来た男や女で砂の上が動いていた。,藁葺,There were so  many people on the sand that one wondered where  all the town people stayed.,0.7191630602,,翻案,否認,原文「藁葺の間を通り抜けて」が訳文で省略され、「藁葺」の文化要素が削除された。これは、文化差を無視する否認段階を演じつつ、原文の情景描写という導入機能が状況描写へ置き換わる翻案である。
99,古い燻ぶり返った藁葺の間を通り抜けて磯へ下りると、この辺にこれほどの都会人種が住んでいるかと思うほど、避暑に来た男や女で砂の上が動いていた。,都会人種,There were so  many people on the sand that one wondered where  all the town people stayed.,0.7191630602,,直訳,受容,"「都会人種」を""town people""と直訳的に表現し、都会出身者という概念を自然に提示。原文の文化的な含意を損なわず受け入れているため、受容段階である。"
99,古い燻ぶり返った藁葺の間を通り抜けて磯へ下りると、この辺にこれほどの都会人種が住んでいるかと思うほど、避暑に来た男や女で砂の上が動いていた。,避暑,There were so  many people on the sand that one wondered where  all the town people stayed.,0.7191630602,,調整,最小化,原文「避暑に来た男や女」を英訳「town people」とし、避暑という行為からその主体へ視点を調整。文化要素「避暑」を一般的な「都会の人々」に変換し、差異を最小化。
102,ある時は海の中が銭湯のように黒い頭でごちゃごちゃしている事もあった。,銭湯,Sometimes the sea was  thronged with black heads like a public bath.,0.8508856297,,等価,最小化,"原文「銭湯のように」を""like a public bath""と訳し、日本の銭湯文化を英語圏の「public bath」という共通概念で置き換えることで文化差を最小化している。"
107,その時海岸には掛茶屋が二軒あった。私はふとした機会からその一軒の方に行き慣れていた。,掛茶屋,"There were two bathing-booths on the shore, but I picked out one of them haphazard and made it my head-quarters.",0.5533088446,,翻案,適応,原文「掛茶屋」を英訳「bathing-booths」とすることで、文化状況そのものをターゲット読者が理解しやすい海岸の休憩施設に置き換え、意味機能を揃えている。これは他文化視点に寄せた「適応」である。
123,その西洋人の優れて白い皮膚の色が、掛茶屋へ入るや否や、すぐ私の注意を惹いた。,西洋人,"The moment the exceedingly white skin  of that foreigner made its appearance in the booth,  my attention was fixed upon him.",0.7703334093,,調整,最小化,「西洋人」を「foreigner」へ調整し、特定の文化・地域属性（西洋）を「外来者」という普遍的表現に最小化。これにより文化差を共通点に収束させている。
123,その西洋人の優れて白い皮膚の色が、掛茶屋へ入るや否や、すぐ私の注意を惹いた。,掛茶屋,"The moment the exceedingly white skin  of that foreigner made its appearance in the booth,  my attention was fixed upon him.",0.7703334093,,調整,最小化,原文「掛茶屋」を訳文「the booth」と訳すことで、文化特有の「茶屋」という情報を削除し、両文化に共通する「小部屋」という側面へ差異を最小化した。
124,純粋の日本の浴衣を着ていた彼は、それを床几の上にすぽりと放り出したまま、腕組みをして海の方を向いて立っていた。,浴衣,"He wore a real Japanese yukata,¹ which he took off and threw upon a bench in a bathhouse.",0.7087438703,1 A kind of kimono worn by men and women in summer.,借用,受容,"原文「浴衣」を""yukata""で借用し、注釈で補足。文化差を認め、理解を促しつつ差異を保持する「受容」を演じた。"
126,彼は我々の穿く猿股一つの外何物も肌に着けていなかった。私には～～不思議だった。,猿股,"He had nothing on except  the short drawers which we wore, and this in itself  struck me as strange.",0.6402099133,,調整,最小化,原文の「猿股」を、機能的・形状的側面を捉えた「short drawers」に「調整」し、文化固有の差異を「下着」という共通点に「最小化」した。
128,私はその二日前に由井が浜まで行って、砂の上にしゃがみながら、長い間西洋人の海へ入る様子を眺めていた。,由比ヶ浜,"Two days before I had gone  to Yuigahama, where I lolled for a long time on the  sand, watching foreigners swim.",0.7063750625,,借用,受容,"原文「由井が浜」を""Yuigahama""と借用し、固有名詞の文化差をそのまま保持することで、日本固有の場所であることを受容するモードを演じた。"
135,そういう有様を目撃したばかりの私の眼には、猿股一つで済まして皆なの前に立っているこの西洋人がいかにも珍しく見えた。,猿股,"Fresh from this introduction to foreign methods of bathing, I was surprised at this man's indifference to exposing his body.",0.5947585106,,翻案,適応,原文「猿股一つ」が訳文で「indifference to exposing his body」と翻案され、日本文化の具体を西洋文化の視点に適応させている。
139,その日本人は砂の上に落ちた手拭を拾い上げているところであったが、それを取り上げるや否や、すぐ頭を包んで、海の方へ歩き出した。,手拭い,"The  Japanese wrapped his head in the towel as soon as  he caught it, and began to walk towards the sea.",0.8240408301,,等価,最小化,"「手拭」を""the towel""と訳し、日本文化固有のアイテムをTL読者に共通理解可能な「一般的なタオル」に置換。これにより、文化差を最小化した。"
143,そうして遠浅の磯近くにわいわい騒いでいる多人数の間を通り抜けて、比較的広々した所へ来ると、二人とも泳ぎ出した。,遠浅,"They stepped into  the waves at once, and passing through the multitude  who were screaming near the shore, went further  out to a considerably less crowded part, and began  to swim.",0.8221871853,,調整,最小化,キーワード「遠浅」の具体的な情報が「near the shore」という一般的な表現に調整され、「浅さ」という差異を最小化し普遍的な「岸近く」という共通点に収束させた。
154,すると西洋人は来ないで先生一人麦藁帽を被ってやって来た。,麦藁帽,"This time the sensei came alone, wearing a straw hat.",0.5644889474,,直訳,受容,"原文「麦藁帽」を""a straw hat""と直訳することで、文化的な差異を認めた上で、その概念をTLの自然な表現で保持しているため、受容段階を演じた。"
174,先生は白絣の上へ兵児帯を締めてから、眼鏡の失くなったのに気が付いたと見えて、急にそこいらを探し始めた。,白絣,"It was not until he fastened hekoobi¹ around his shirogasuri yukata that he discovered his loss, and suddenly began to search for them everywhere.",0.5525385141,2 A kind of cotten cloth.,調整,適応,原文「白絣」を「shirogasuri yukata」と訳し、素材名に衣服の種類を加えて概念の枠組みを調整。他文化視点に寄せ理解を促す適応段階を演じた。
174,先生は白絣の上へ兵児帯を締めてから、眼鏡の失くなったのに気が付いたと見えて、急にそこいらを探し始めた。,兵児帯,"It was not until he fastened hekoobi¹ around his shirogasuri yukata that he discovered his loss, and suddenly began to search for them everywhere.",0.5525385141,,借用,受容,"原文「兵児帯」を""hekoobi¹""と音写し、原語をそのまま持ち込む「借用」を選択。文化固有の差異を認識し、それをターゲット言語に保持することで「受容」を演じた。"
225,しかし帰って二日三日と経つうちに、鎌倉にいた時の気分が段々薄くなって来た。,鎌倉,But two or three days in the city dimmed the glamour of Kamakura.,0.6208797097,,借用,受容,"原文「鎌倉」を""Kamakura""と保持し、固有名詞の文化差を認めて提示するため受容段階を演じて訳出した。"
238,私はすぐ～～去らなかった。下女の顔を見て少し躊躇してそこに立っていた。,下女,"So I did not turn away at once, but stood looking at the maid's face, hesitating.",0.7617042661,,直訳,最小化,キーワード「下女」を「maid」と訳すことで、文化的な差異を最小化し、英語圏で理解しやすい同等の概念に収束させているため、直訳と最小化を意図的に選択した。
238,この前名刺を取り次いだ記憶のある下女は、私を待たしておいてまた内へはいった。,名刺,"The maid, recognizing me as the visitor of the previous day, left me there and disappeared within the house.",0.6171696782,,翻案,適応,原文「名刺」を削除し、その機能を「recognizing me as the visitor of the previous day」と他文化の読者に自然な状況へ「翻案」することで、「適応」段階を演じた。
241,先生は例月その日になると雑司ヶ谷の墓地にある或る仏へ花を手向けに行く習慣なのだそうである。,雑司ヶ谷,She told me politely that the sensei was accustomed to visit a certain grave in Zoshigaya on that day every month.,0.5485316515,,借用,受容,"「雑司ヶ谷」を""Zoshigaya""と音写し、原文の固有名詞を借用することで、その文化的な差異を認め、そのまま保持しているため。"
241,先生は例月その日になると雑司ヶ谷の墓地にある或る仏へ花を手向けに行く習慣なのだそうである。,仏,She told me politely that the sensei was accustomed to visit a certain grave in Zoshigaya on that day every month.,0.5485316515,,調整,最小化,原文「仏」（故人、宗教的対象）を英訳「grave」（物理的な墓）とすることで、抽象的な概念を具体化し、英語圏の読者の共通点に収束させるため、調整と最小化を採用。
246,それですぐ踵を回らした。,踵を回らした,So I turned round at once.,0.7727604508,,等価,最小化,「踵を回した」という日本語の動作表現を、英語で同等の状況に自然な「turned round」で等価に置換。表現の文化差を最小化し、共通の動作意味に収束させた。
248,私は墓地の手前にある苗畠の左側からはいって、両方に楓を植え付けた広い道を奥の方へ進んで行った。すると～～でてきた。,苗畑,"I entered the cemetery from the left-hand side of the field of young plants in front of it, and proceeded along the wide walk bordered with mapletrees, when suddenly from the farthest extremity a man who looked like the sensei came out of a restingbooth.",0.6691185236,,直訳,最小化,「苗畠」を「field of young plants」と構成要素を直訳し、特定の文化的含意を深掘りせず、普遍的共通点に収束させることで文化差を最小化している。
249,私は墓地の手前~~進んで行った。するとその端れに見える茶店の中から先生らしい人がふいと出て来た。,茶店,"I entered the cemetery from the left-hand side of the field of young plants in front of it, and proceeded along the wide walk bordered with mapletrees, when suddenly from the farthest extremity a man who looked like the sensei came out of a restingbooth.",0.5782812834,,調整,最小化,原文「茶店」を、文化固有の「お茶を出す店」から、より普遍的な機能を表す「restingbooth」へ「調整」した。これは、文化的な差異を「休憩所」という共通点に収束させることで、異文化理解の壁を「最小化」した翻訳モードを演じている。
266,依撒伯拉何々 の墓だの、 神僕 ロギンの墓だのという 傍 に、 一切衆生悉有仏生 と書いた 塔婆 などが建ててあった。,一切衆生悉有仏生,"Beside the tomb-stones which bore the words a certain so-and-so Isabella's restingplace, or the god's servant Rogin's long home, a stupa stood, on which was written, ""All living things possess the quality of Buddha,"" and I noticed the grave of an ambassador plenipotentiary So-and-so.",0.6032501459,,調整,適応,"「一切衆生悉有仏生」を""All living things possess the quality of Buddha""と訳し、「仏生」という仏教概念を「質」という普遍的な枠組みに調整。これにより、他文化の読者が理解しやすいよう適応している。"
266,依撒伯拉何々 の墓だの、 神僕 ロギンの墓だのという 傍 に、 一切衆生悉有仏生 と書いた 塔婆 などが建ててあった。,塔婆,"Beside the tomb-stones which bore the words a certain so-and-so Isabella's restingplace, or the god's servant Rogin's long home, a stupa stood, on which was written, ""All living things possess the quality of Buddha,"" and I noticed the grave of an ambassador plenipotentiary So-and-so.",0.6032501459,,調整,適応,"原文「塔婆」を""a stupa""と訳し、日本の特定の木製墓標から仏教全般の塔というより広範な概念に調整することで、TL読者への理解を促すよう適応させた。"
269,先生はこれらの墓標が現わす人種々の様式に対して、私ほどに滑稽もアイロニーも認めてないらしかった。,墓標,"Unlike me, the sensei did not seem to see humour or irony in the way those who had been left behind expressed their grief on those stones.",0.5388599038,,調整,最小化,「墓標」を「those stones」と訳し、文化的な標識という概念を物理的な石に調整することで、文化的な差異を最小化した。
274,墓地の区切り目に、大きな銀杏が一本空を隠すように立っていた。,銀杏,"On the border of the walk stood a huge gingko-  tree, so tall that it seemed to be hiding the sky.",0.5639558434,,借用,最小化,"原文「銀杏」を""gingko""として借用しつつ、""tree""を付加してTL側が理解しやすい「樹木」という共通点に収束させ、文化差を最小化した。"
276,この木がすっかり黄葉して、ここいらの地面は金色の落葉で埋まるようになります,紅葉,"It becomes very pretty in a few weeks: The leaves turn entirely yellow, and the ground hereabout will be covered with the golden fallen leaves",0.7328303456,,転換,最小化,原文「黄葉」を「turn entirely yellow」と訳し、日本語独自の概念を普遍的な現象に変換することで文化差を最小化した。
279,向うの方で凸凹の地面をならして新墓地を作っている男が、鍬の手を休めて私たちを見ていた。,鍬,"The man, who was digging the uneven ground  to make a new resting-place, stopped his work, and  stood looking at us.",0.7323420048,,調整,否認,原文「鍬」が英訳で具体的な道具として削除され「stopped his work」と一般化された。これは具体→抽象への調整であり、文化差を無視し差異を処理しない否認段階を演じた。
310,ゆくりなくまたそれを思い出させられたのは、小春の尽きるに間のない或る晩の事であった。,小春,It had happened in the  early hours of the evening.,0.6700415611,,調整,否認,原文「小春の尽きるに間もない或る晩」の文化的季節感を「early hours of the evening」という時間情報に調整することで、「小春」の文化要素を削除したため否認を意図的に演じた。
312,先生と話していた私は、ふと先生がわざわざ注意してくれた銀杏の大樹を眼の前に想い浮かべた。,銀杏,"As I talked with the sensei, there came to my  mind the image of the huge gingko-tree to which he  had specially attracted my attention.",0.6689969301,,借用,受容,原文「銀杏」を「gingko-tree」と借用し、英語圏で認知された形で植物名を保持。文化差を認めながら情報を残す受容段階を意図的に演じた。
317,「先生雑司ヶ谷の銀杏はもう散ってしまったでしょうか」,銀杏,"""Do you think the leaves have fallen from the gingko-tree in Zoshigaya yet?""",0.6479691267,,調整,統合,"原文「銀杏」が文脈上「イチョウの木」を指すことを理解し、英訳""gingko-tree""と「tree」を加えることで、両文化の視点を行き来し最適な意味伝達を図るため調整と統合を選択した。"
318,「まだ空坊主にはならないでしょう」,空坊主,"""Perhaps it is not entirely bare yet.""",0.6777845621,,調整,最小化,"原文の文化的比喩「空坊主」を、訳文""not entirely bare""で「何もない状態」という抽象概念に調整。文化固有の具体性を排除し、普遍的な共通点に収束させることで差異を最小化した。"
320,「今度お墓参りにいらっしゃる時にお伴をしても宜ござんすか。,お墓参り,“ May I go with you when you visit the grave ?,0.8765090108,,等価,最小化,原文「お墓参り」を、TLの自然な表現「visit the grave」に等価変換し、文化特有の意味合いを一般的な行為「墓を訪れる」に最小化することで、異文化間の共通理解を促している。
331,私は忽ち雑司ヶ谷で「先生」と呼び掛けた時の記憶を強く思い起した。,雑司ヶ谷,All of a sudden the strong memory of Zoshigaya as I called to the sensei came to me.,0.6306978464,,借用,受容,"原文「雑司ヶ谷」を""Zoshigaya""と音訳で保持し、固有名詞の文化差を認め読者にそのまま提示する「受容」段階を演じた。"
351,先生と同郷の学生などには時たま座敷で同座する場合もあったが、彼らのいずれもは皆な私ほど先生に親しみをもっていないように見受けられた。,座敷,"Once  in a while I fell in with some students of his own  province, but none of them seemed as friendly with  him as I was.",0.690453887,,調整,否認,原文「座敷で」が訳文で省略され、場所の具体性を失い行為の抽象化という「調整」を用い、文化語を削除し文化差を無視する「否認」段階を演じた。
377,私は～～行った。その内いつの間にか先生の食卓で飯を食うようになった。自然の結果～～なった。,食卓,"I continued to go to see him, and finally I was sometimes invited to take supper with him, which gave me more opportunities of conversing with his wife.",0.6684011221,,調整,適応,原文「食卓」が示す親密さを、訳文では「supper with him」という食事行為に「調整」し、英語話者が「受け入れ」を自然に理解できるよう「適応」させた。
393,奥さんは綺麗な眉を寄せて、私の半分ばかり注いで上げた盃を、唇の先へ持って行った。,盃,"Drawing her well-shaped eye-brows together,  she held to her lips the cup which I had half filled  with sake.",0.7199894786,酒 sake:A kind of wine made from rice.,直訳,最小化,"原文「盃」を""cup""と直訳し、日本文化固有の器としての差異を最小化することで、ターゲット読者にとって理解しやすい共通点に収束させている。"
412,奥さんは黙っていた。「なぜです」と私が代りに聞いた時先生は「天罰だからさ」といって高く笑った。,天罰,"His wife was silent. But I asked him to explain what he meant. ""It's our nemesis,""he said, laughing aloud.",0.6376947761,,等価,最小化,"原文「天罰」を""nemesis""と等価置換し、天罰の持つ「宿命的な報復」という共通概念に収束させることで、文化差を最小化するモードを演じた。"
424,私は箱根から貰った絵端書をまだ持っている。,箱根,I still have the picture postcard which he sent to me from Hakone.,0.5416667461,,借用,受容,"原文「箱根」を""Hakone""と借用することで、日本の地名という文化差を認めて保持しており、受容段階を演じている。"
424,私は箱根から貰った絵端書をまだ持っている。,葉書,I still have the picture postcard which he sent to me from Hakone.,0.5416667461,,直訳,最小化,"原文「絵端書」を""picture postcard""と直訳することで、文化的差異を強調せず共通概念として扱った。これは葉書が両文化で普遍的なアイテムであり、差異を最小化するDMISモードを選択したと言える。"
425,日光へ行った時は紅葉の葉を一枚封じ込めた郵便も貰った。,日光,"When he went to Nikko, I got a letter from him which contained a maple leaf.",0.5482595563,,借用,受容,"原文の固有名詞「日光」をそのまま""Nikko""と訳出。文化的な地名をそのまま保持し、文化差を認めて読者に提示するため、受容を意図的に演じた。"
425,日光へ行った時は紅葉の葉を一枚封じ込めた郵便も貰った。,紅葉,"With trembling hands, I folded the letter and  put it into the envelope.",0.5482595563,,翻案,否認,原文「紅葉の葉」が英訳で完全に削除され、文化状況が手紙を封筒に入れる一般的な行為に置き換わったため、文化差を否認しつつ翻案したと判断した。
429,先生の宅は玄関の次がすぐ座敷になっているので、格子の前に立っていた私の耳にその言逆いの調子だけはほぼ分った。,格子,"As the drawing-room in his house  was next to the entrance-hall, my ears could catch  the voices clearly enough to detect their sharpness, though I stood outside of the entrance-door.",0.729026258,,翻案,適応,原文「格子の前」を、文化固有の「格子」を訳出せず「outside of the entrance-door」と翻案。TL読者が違和感なく「外にいて声が聞こえる」状況を理解できるよう、他文化視点に“適応”させた。
437,私は帰ったなりまだ袴を着けていた。私は～～表へ出た。,袴,"I still wore my hakama, so I went out at once.",0.633903563,hakama:  A kind of kilt worn by students.,借用,受容,"原文「袴」を""hakama""で保持し、さらに注釈で説明を加えることで文化差を残しており、受容段階を演じて訳出した。"
438,私は帰ったなり～～着けていた。私はそれなりすぐ表へ出た。,表,"I still wore my hakama, so I went out at once.",0.7262793779,hakama:  A kind of kilt worn by students.,等価,最小化,"「表へ出た」を""went out""と訳し、日本語の「表」が持つ家屋の特定の方向性や空間概念を、英語のより一般的な「外」に等価的に置換し、文化差を最小化した。"
443,肴の骨が咽喉に刺さった時のように、私は苦しんだ。,魚の骨が喉に刺さった時のように,It tortured me like a fish-bone stuck in my throat.,0.8347236514,,直訳,最小化,原文「肴の骨」を普遍的な「fish-bone」と直訳し、文化的な差異を、喉に骨が刺さる普遍的苦痛という共通点に最小化したため。
462,「そういうと、夫の方はいかにも心丈夫のようで少し滑稽だが。,心丈夫,It hardly seems right for me to speak like this.,0.7180389166,,翻案,否認,キーワード「心丈夫」は原文で夫の様子を指すが、英訳では話し手の発言評価に置き換えられた。これは「心丈夫」が持つ文化状況と意味を放棄し、別の状況へ「翻案」したため、その差異を「否認」している。
489,先生はその日横浜を出帆する汽船に乗って外国へ行くべき友人を新橋へ送りに行って留守であった。,横浜,The sensei had gone out to Shinbashi to see a friend  off who was going abroad by the steamer which was  to leave Yokohama that day.,0.6437929869,,借用,受容,"原文「横浜」を""Yokohama""と借用することで、日本の固有名詞としての文化的な差異をそのまま保持しており、「受容」段階を意図的に演じた。"
489,先生はその日横浜を出帆する汽船に乗って外国へ行くべき友人を新橋へ送りに行って留守であった。,新橋,The sensei had gone out to Shinbashi to see a friend  off who was going abroad by the steamer which was  to leave Yokohama that day.,0.6437929869,,借用,受容,"原文「新橋」を""Shinbashi""と借用し、日本の特定の地名としての文化差をそのまま保持することで受容段階を演じている。"
494,それで私は座敷へ上がって、先生を待つ間、奥さんと話をした。,座敷,So I had a talk with his wife while I waited in his drawing-room.,0.6589087248,,調整,最小化,原文「座敷」を「drawing-room」と訳し、日本の空間の具体性を英語圏の共通概念に調整することで、文化差を過度に強調せず機能的共通点に収束させ、DMIS最小化段階を演じた。
504,だから先生の学問や思想については、先生と密切の関係をもっている私より外に敬意を払うもののあるべきはずがなかった。,敬意,"I, who had come into close contact with him, seemed to be the only one who had either knowledge of or respect for his learning or his ideas.",0.6611660719,,転換,適応,原文「敬意を払う」を英訳「respect for」と名詞句に転換。日本語の動詞中心表現を英語の自然な名詞中心表現に構造を適応させた。
507,私にはその答えが謙遜過ぎてかえって世間を冷評するようにも聞こえた。,謙遜,"To me that answer was too modest, until I realized that it showed his cold critical attitude toward the world.",0.6817296743,,転換,最小化,「謙遜」という名詞を「modest」という形容詞に品詞転換。日本文化特有の概念を、英語圏で理解しやすい共通概念で捉え直し、文化差を最小化した。
531,奥さんは東京の人であった。,東京,I heard from both the sensei and his wife that she was a native of Tokyo.,0.7470892072,,借用,受容,原文「東京」を「Tokyo」として固有名詞の音形を保持しており、日本の地名という文化的な差異を認め保持する受容段階を演じ、借用手法を採用した。
533,奥さんの父親はたしか鳥取かどこかの出であるのに、お母さんの方はまだ江戸といった時分の市ヶ谷で生れた女なので、奥さんは冗談半分そういったのである。,鳥取,"For her father had come from Tottori, as I remember, while her mother was born in Ichigaya when Tokyo was still called Edo.",0.5883220434,,借用,受容,"原文「鳥取」を""Tottori""と固有名詞としてそのまま保持し、文化差を認めた上で維持しているため。"
533,奥さんの父親はたしか鳥取かどこかの出であるのに、お母さんの方はまだ江戸といった時分の市ヶ谷で生れた女なので、奥さんは冗談半分そういったのである。,江戸,"For her father had come from Tottori, as I remember, while her mother was born in Ichigaya when Tokyo was still called Edo.",0.5883220434,,借用,適応,"原文「江戸」を""Edo""と借用し、「when Tokyo was still called Edo」と補足説明を加えることで、英語読者が歴史的背景を理解できるよう他文化視点に適応した。"
535,ところが先生は全く方角違いの新潟県人であった。,新潟県人,"But the sensei's home was Niigata, a province far away from either Tottori or Tokyo.",0.606446147,,翻案,適応,「新潟県人」が原文の文脈で示す「方角違い」のニュアンスを、英訳では「Niigata」に「far away...」と補足することで、日本の地理に不慣れな読者にも理解できるよう文化状況を翻案し、他文化視点へ適応させた。
553,或る時花時分に私は先生といっしょに上野へ行った。そうして～～カップルを見た。,花時分,"Once in spring-time I went with him to Ueno, and saw a charming couple walking close together under the cherry-blossoms.",0.6404955983,,等価,最小化,原文「花時分」を「spring-time」と訳し、日本の文化的季節表現を英語圏で自然な慣用表現に等価置換した。これは文化差を「春」という共通概念に収束させ、最小化を意図したためである。
563,君は今あの男と女を見て、 冷評 しましたね。あの 冷評 のうちには君が恋を求めながら相手を得られないという不快の声が 交っていましょ,冷評,"You spoke unsympathetically of that man and woman, didn't you? In those words of yours is mingled the voice of your unhappiness at not experiencing love when you are seeking for it. Don't you think so?",0.7844480276,,転換,適応,原文「冷評」を「You spoke unsympathetically of」と、複合名詞から動詞+副詞句に品詞・文法カテゴリを転換した。これは、日本語の概念を英訳先の自然な表現形式に適応させたものと解釈できる。
594,先生と私とは博物館の裏から鶯渓の方角に静かな歩調で歩いて行った。,鶯溪,The sensei and I walked slowly along from the back of the Imperial Museum toward Uguisudani.,0.5654426217,,借用,受容,"原文「鶯渓」を""Uguisudani""と音写することで、日本の固有名詞として文化差を保持し、受容段階を演じて訳出した。"
595,垣の隙間から広い庭の一部に茂る熊笹が幽邃に見えた。,垣,"The bamboo clumps covering a part of the garden could be seen through the hedge, looking solitary and mysterious.",0.663793087,,調整,適応,原文「垣」という多様な概念を、英語圏で一般的な「the hedge」と具体的に調整し、読者が文化状況を理解しやすいよう適応させた。
595,垣の隙間から広い庭の一部に茂る熊笹が幽邃に見えた。,幽邃,"The bamboo clumps covering a part of the garden  could be seen through the hedge, looking solitary  and mysterious.",0.663793087,,調整,統合,"原文「幽邃」を""solitary and mysterious""と「調整」し、両文化の概念を柔軟に操作してその美意識を伝達する「統合」段階を演じた。"
595,垣の隙間から広い庭の一部に茂る熊笹が幽邃に見えた。,熊笹,"The bamboo clumps covering a part of the garden  could be seen through the hedge, looking solitary  and mysterious.",0.663793087,,調整,最小化,原文「熊笹」を、ターゲット文化で理解しやすい「The bamboo clumps」という一般的な表現に調整し、文化的な差異を最小化した。
597,「君は私がなぜ毎月雑司ヶ谷の墓地に埋っている友人の墓へ参るのか知っていますか」,雑司ヶ谷,"""Do you know the reason why I visit my friend's grave in Zoshigaya every month?""",0.7716242671,,借用,受容,"「雑司ヶ谷」を""Zoshigaya""と借用することで、日本固有の地名という文化的な差異を原文通り保持し、読み手にその差異を受容させる意図を示している。"
616,「私はお気の毒に思うのです」,お気の毒,"""I am sorry for you.""",0.8287933469,,等価,最小化,"キーワード「お気の毒」を""sorry for you""と、文化特有の表現をTL側の自然な慣用表現（等価）で置き換え、共通概念に収束させ（最小化）訳出した。"
616,「気の毒だが信用されないとおっしゃるんですか」,気の毒,"""Is it true that you cannot trust me, and perhaps hesitate to say so ?""",0.8147552013,,調整,適応,原文「気の毒だが」の話し手の感情表明を「perhaps hesitate to say so ?」と相手の状況推測へ「調整」し、他文化視点に「適応」させた。
617,その庭に、この間まで重そうな赤い強い色をぽたぽた点じていた椿の花はもう一つも見えなかった。,椿の花,"The camellias, with their heavy strong red, had been in bloom when I was there before, but they were all gone now.",0.6152314544,,直訳,受容,"「椿の花」を""camellias""と直訳することで、文化的差異を認め、英語圏でも理解される同等な植物名でその意味を保持しようとしたため、受容段階を演じた。"
618,先生は座敷からこの椿の花をよく眺める癖があった。,座敷,The sensei had a habit of looking at them while he was talking in the drawing-room.,0.5680678487,,等価,最小化,原文「座敷」を、英語圏で最も機能が近い「drawing-room」に置き換え、文化差を最小化し、共通点に収束させ理解を促している。
618,先生は座敷からこの椿の花をよく眺める癖があった。,椿の花,The sensei had a habit of looking at them while he was talking in the drawing-room.,0.5680678487,,調整,否認,原文「この椿の花」を訳文「them」と代名詞化し、文化固有性を消去することで文化差を無視する否認段階を演じた。
620,その時生垣の向うで金魚売りらしい声がした。,生垣,"As he spoke, a voice which seemed to be a goldfish vendor's was heard from across the hedge.",0.5642588735,,直訳,最小化,"原文「生垣」を""hedge""と訳し、両文化に共通する庭園要素として、差異を最小化し一般的な表現を選択した。"
620,その時生垣の向うで金魚売りらしい声がした。,金魚売り,"As he spoke, a voice which seemed to be a goldfish vendor's was heard from across the hedge.",0.5642588735,,直訳,受容,"「金魚売り」を""a goldfish vendor""と直訳することで、日本の特定の文化要素をそのまま伝え、文化的な差異を認めて保持している。"
624,黙って針仕事か何かしている奥さんの耳に私の話し声が聞こえるという事も知っていた。,針仕事,"I knew that my words could  be plainly heard by his wife, sitting in the next room,  busy with needle-work or some other feminine task.",0.7641642094,,調整,適応,原文「針仕事」を「needle-work or some other feminine task」と訳し、女性の一般的なタスクというターゲット文化の視点で補足説明を加え、文化的な意味合いを伝えようと適応段階を演じた。
628,自分を呪うより外に仕方がないの,呪う,"The only thing that such a man can do, is to curse himself.",0.629938066,,直訳,受容,「呪う」を「curse」と直訳し、文構造を維持することで、日英語圏に共通する負の感情表現の存在を認め、その文化差をそのまま保持する受容段階を演じた。
632,すると襖の陰で「あなた」という奥さんの声が二度聞こえた。,襖の陰で,But just then we heard his wife calling him twice behind the sliding-doors.,0.6474490166,,調整,適応,"「襖」を""sliding-doors""と機能的に「調整」することで、日本文化固有の具体的な建具を他文化の読者に理解しやすいよう「適応」させている。"
676,その頃は日の詰って行くせわしない秋に、誰も注意を惹かれる肌寒の季節であった。,秋,"It was late autumn, and in these chilly days, no one could be indifferent to the atomosphere of bustle which attended the shortening day.",0.8380932808,,直訳,統合,原文「秋」を「autumn」と直訳しつつ、「日の詰まって行くせわしない秋」という情景を「shortening day」や「bustle」で英語圏に自然に伝わるよう調整。両文化の季節感を柔軟に繋ぐ「統合」を演じた。
676,その頃は日の詰って行くせわしない秋に、誰も注意を惹かれる肌寒の季節であった。,肌寒い,"It was late autumn, and in these chilly days, no one could be indifferent to the atomosphere of bustle which attended the shortening day.",0.8380932808,,直訳,最小化,原文「肌寒の季節」の「肌寒い」を「chilly」と文構造を維持して直訳することで、両文化に共通する気候感覚の差異を最小化し普遍的なものとして表現した。
693,私は畏まったまま烟草を飲んでいた。奥さん～～聞こえた。,煙草を飲む,"I remained in a formal attitude, smoking, and could hear the sensei's wife talking to the maid in the sitting-room.",0.7612641454,,等価,最小化,"原文「煙草を飲んでいた」を英訳で""smoking""とすることで、日本語の慣用表現をTL側の自然な表現に等価置換し、文化的な差異を最小化した。"
694,私は畏ま～～飲んでいた。奥さんが茶の間で何か下女に話している声が聞こえた。,茶の間,"I remained in a formal attitude, smoking, and could hear the sensei's wife talking to the maid in the sitting-room.",0.6034648418,,翻案,適応,原文「茶の間」を「sitting-room」と訳し、日本の特定の文化空間を英語圏の読者に馴染む文化状況へ置き換えることで、ターゲット文化視点に寄せた翻案を行い、適応段階を演じた。
694,私は畏ま～～飲んでいた。奥さんが茶の間で何か下女に話している声が聞こえた。,下女,"I remained in a formal attitude, smoking, and could hear the sensei's wife talking to the maid in the sitting-room.",0.6034648418,,等価,最小化,原文「下女」を「maid」と訳し、家事使用人という文化的な差異を小さく扱い、両文化に共通する機能的側面へ収束させる等価を採用したため、最小化段階を演じている。
700,「おや」といって～～私に向けた。そうして客に来た人のように鹿爪らしく控えている私をおかしそうに見た。,鹿爪らしく,"”Why,” she said, looking in, half surprised at me sitting formally like a guest. It seemed to appear ridiculous to her.",0.6826357841,,調整,統合,原文「鹿爪らしく」を「sitting formally like a guest」と抽象から具体へ調整し、文化的背景を読み取り英訳側で理解しやすい表現へ柔軟に操作しているため。
709,私は奥さん～～書斎を出た。茶の間には綺麗な長火鉢に鉄瓶が鳴っていた。,長火鉢,"I followed her to the sitting-room, where an  iron tea-kettle was singing pleasantly on a beautifully  polished oblong brazier.",0.5557203889,,調整,適応,「長火鉢」を「oblong brazier」と訳すことで、文化固有の概念をターゲット読者が理解しやすいよう「調整」している。これは他文化視点に寄せた「適応」モードの選択である。
709,私は奥さん～～書斎を出た。茶の間には綺麗な長火鉢に鉄瓶が鳴っていた。,鉄瓶,"I followed her to the sitting-room, where an  iron tea-kettle was singing pleasantly on a beautifully  polished oblong brazier.",0.5557203889,,調整,適応,原文「鉄瓶」を「an iron tea-kettle」と訳し、文化特有の物を材質と機能で説明する表現に調整することで、他文化への適応を意図した。
724,空の盃でよくああ飽きずに献酬ができると思いますわ,空の盃,I wonder why they don’t get tired offering and taking quite empty cups.,0.5077880621,,直訳,最小化,原文「空の盃」を「empty cups」と直訳するが、「盃」を一般的な「cups」に変換することで、日本の特定の文化要素である器の差異を最小化し、共通点に収束させている。
724,空の盃でよくああ飽きずに献酬ができると思いますわ,献酬,I wonder why they don’t get tired offering and taking quite empty cups.,0.5077880621,,調整,最小化,"原文「献酬」を""offering and taking""と具体的な行為に調整し、文化的な差異を普遍的行動に還元し最小化している。"
773,けれどもそれは懐かしい春の雲を眺めるような心持で、ただ漠然と夢みていたに過ぎなかった。,春の雲,"But it was like the feeling  which takes possession of us when we look upon  the lovely clouds of spring, a mere indefinite longing.",0.7555196881,,直訳,受容,"「春の雲」を""the clouds of spring""と文構造を維持して直訳し、文化的な差異を認めつつその意味を保持する受容段階を演じた。"
792,下女部屋にいる下女はことりとも音をさせなかった。私は～～忘れてしまった。,下女部屋,"No sound was heard from the maid in the servant's room, and the thought of the thief had disappeared entirely from my mind.",0.6976799965,,直訳,最小化,"原文「下女部屋」を""the servant's room""と直訳し、特定の文化要素を「使用人の部屋」というより一般的な共通点に収束させることで、文化差を最小化している。"
798,奥さんは～～掻き馴らせた。それから水注の水を鉄瓶に注した。鉄瓶は忽ち鳴りを沈めた。,水注,"She levelled the ashes in the brazier, and poured  water into the iron kettle, which stopped singing at  once.",0.5969341993,,調整,最小化,"原文「水注の水を」の「水注」を""water""に調整し、具体的な道具の文化差を中身の共通点に最小化した。"
798,奥さんは～～掻き馴らせた。それから水注の水を鉄瓶に注した。鉄瓶は忽ち鳴りを沈めた。,鉄瓶,"She levelled the ashes in the brazier, and poured  water into the iron kettle, which stopped singing at  once.",0.5969341993,,直訳,受容,"「鉄瓶」を""iron kettle""と直訳し、素材と機能を明示することで文化的な差異を保持しつつ、ターゲット読者に理解を促すため受容段階を演じた。"
858,下女だけは仮寝でもしていたとみえて、ついに出て来なかった。,下女,"The maid did not appear, she must have been dozing in her room.",0.665410161,,等価,最小化,原文の「下女」を「maid」と訳すことで、日本の身分制度に基づく文化的差異を小さく扱い、ターゲット文化の「女性使用人」という共通概念に収束させているため。
871,奥さんはそういいながら、先刻出した西洋菓子の残りを、紙に包んで私の手に持たせ,西洋菓子,"So saying, she wrapped up the cakes which I had left, and handed them to me.",0.7242237329,,調整,適応,原文「西洋菓子」という文化的分類概念を、ターゲット文化で最も自然な具体的な「cakes」へと視点と概念の枠組みを調整し、適応させているため。
879,私はその翌日午飯を食いに学校から帰ってきて、昨夜机の上に載せて置いた菓子の包みを見ると、すぐその中からチョコレートを塗った鳶色のカステラを出して頰張った。,鳶色,"At noon on the next day,  when I returned from school to take lunch, and  looked at the package of cakes on my desk, I at once  attacked one decorated with chocolate.",0.6535353661,,調整,否認,原文「鳶色の」という色情報が訳文「decorated with chocolate」で完全に削除されており、文化差を無視し処理しない否認段階を演じている。
885,それまで繻絆というものを着た事のない私が、シャツの上に黒い襟のかかったものを重ねるようになったのはこの時からであった。,繻絆,"It was after that  that I, who had never worn juban 1 before, began to  wear one with a black collar over my shirt.",0.7592012286,juban:A kind of underwear for Japanese kimono.,借用,受容,"原文「繻絆」を""juban""として借用し、注釈で文化的な説明を加えることで、日本文化固有の差異を明確に保持・提示しており、受容段階を意図的に演じたと判断する。"
914,先生はこの日あたりの好い室の中へ大きな火鉢を置いて、五徳の上に懸けた金盥から立ち上る湯気で、呼吸の苦しくなるのを防いでいた。,五徳,"There was a huge brazier in this sun-lit room, and with the help of the steam  from the basin boiling on it, the sensei was trying to  ease his breathing.",0.6076392531,,調整,適応,"原文「五徳」を""on it""と訳し、具体的な部分を省略して火鉢の上という機能・位置関係に「調整」し、他文化視点に「適応」させている。"
914,先生はこの日あたりの好い室の中へ大きな火鉢を置いて、五徳の上に懸けた金盥から立ち上る湯気で、呼吸の苦しくなるのを防いでいた。,金盥,"There was a huge brazier in this sun-lit room, and with the help of the steam  from the basin boiling on it, the sensei was trying to  ease his breathing.",0.6076392531,,調整,適応,"原文「金盥」を、より一般的な容器である""basin""と訳し、特定の日本文化要素を英語圏の読者が理解しやすいよう調整し適応した。"
926,それを奥の茶簞笥か何かの抽出から出して来た奥さんは、白い半紙の上へ鄭寧に重ねて、「そりゃご心配ですね」といった。,茶箪笥,"When she took the bank-notes out of a some cabinet in the back-room, ”O I am very sorry. You must be anxious about your father.”",0.609552443,,翻案,適応,原文「茶箪笥」を「cabinet」と訳し、日本文化固有の家具をターゲット読者が理解しやすい一般的な収納家具に翻案することで、他文化の視点に“適応”させた。
936,それでも着いた時は、床の上に胡坐をかいて,胡座,"When I reached home, however, he sat cross-legged on his bed,",0.7242524028,,等価,最小化,"原文「胡座をかいて」を、英語圏で一般的な「足を組んで座る」を意味する""sat cross-legged""と等価表現で訳出。文化差を認識しつつ差異を最小化し、共通理解を図った。"
940,母は不承無性に太織りの蒲団を畳みながら「お父さんはお前が帰って来たので、急に気が強くおなりなんだよ」といった。,不承無性,"As she reludrantly folded the heavy quilts,  my mother said, “ Your father has become much  brighter since you came back.”",0.7325561047,,直訳,受容,原文「不承無性に」を意味・品詞が対応する「reluctantly」で直訳し、文化差を認めつつ意味内容を保持する受容段階を演じた。
943,私の兄はある職を帯びて遠い九州にいた。,九州,"My elder brother’s profession took him to faraway Kyushu,",0.7749542594,,借用,受容,"原文「九州」を""Kyushu""と借用した。これにより、固有名詞としての文化差を認め、その地域固有の存在として保持する「受容」の姿勢を示している。"
957,私は先生に手紙を書いて恩借の礼を述べた。正月上京する時に持参するからそれまで待ってくれるようにと断わった。,正月,"I wrote to the sensei, and thanked him for his kindness in lending me the money, and told him that would bring it back when I returned to Tokyo in January.",0.730776906,,調整,最小化,原文「正月」を「January」と訳すことで、日本の新年という文化的意味合いから普遍的な暦月へと概念の枠組みを「調整」し、文化差を小さく扱い共通点に収束させる「最小化」を演じている。
957,私は先生に手紙を書いて恩借の礼を述べた。正月上京する時に持参するからそれまで待ってくれるようにと断わった。,上京,"I wrote to the sensei, and thanked him for his kindness in lending me the money, and told him that would bring it back when I returned to Tokyo in January.",0.730776906,,調整,最小化,原文「上京」が持つ文化的視点を、英訳「returned to Tokyo」で一般的な地理的移動に調整。これにより文化的差異を最小化し、TL読者の共通理解に収束させた。
963,「こんど東京へ行くときには椎茸でも持って行ってお上げ」,東京,”You had better take some dried mushrooms as a present to him when you go to Tokyo next time.”,0.6934876442,,借用,受容,原文「東京」を”Tokyo”と借用し、固有名詞の文化差を認めた上でそのまま保持しているため、受容段階を演じている。
963,「こんど東京へ行くときには椎茸でも持って行ってお上げ」,椎茸,”You had better take some dried mushrooms as a present to him when you go to Tokyo next time.”,0.6934876442,,調整,最小化,原文「椎茸」を「dried mushrooms」と訳し、特定の固有名詞を機能的な上位概念に調整することで、文化固有の差異を一般的な食材という共通点へ最小化している。
978,私は退屈な父の相手としてよく将碁盤に向かった。,将棋盤,"In order to amuse my father, I often sat with him at Japanese chess.",0.6620810628,,調整,最小化,原文「将碁盤」を「Japanese chess」と訳し、具体的な物からゲーム概念へ視点を調整した。これにより「チェス」という共通点に収束させ、日本独自の差異を最小化した。
979,二人とも無精な性質なので、炬燵にあたったまま、盤を櫓の上へ載せて、駒を動かすたびに、わざわざ手を掛蒲団の下から出すような事をした。,炬燵,"It was so cold that we had no courage to drag ourselves away from the warm sunken fireplace with its wadded covering, so we placed the chess-board on the quilt and played comfortably.",0.4856975675,,調整,適応,原文「炬燵」を「warm sunken fireplace with its wadded covering」と、TL読者が理解できるよう機能・構成要素で調整し、他文化視点に適応させた。
979,二人とも無精な性質なので、炬燵にあたったまま、盤を櫓の上へ載せて、駒を動かすたびに、わざわざ手を掛蒲団の下から出すような事をした。,盤,"It was so cold that we had no courage to drag ourselves away from the warm sunken fireplace with its wadded covering, so we placed the chess-board on the quilt and played comfortably.",0.4856975675,,調整,適応,原文「盤」を「chess-board」と具体化し、抽象から具体へ「調整」。ターゲット文化の読者の理解に「適応」すべく、意図的に文化要素を変換した。
979,二人とも無精な性質なので、炬燵にあたったまま、盤を櫓の上へ載せて、駒を動かすたびに、わざわざ手を掛蒲団の下から出すような事をした。,櫓,"It was so cold that we had no courage to drag ourselves away from the warm sunken fireplace with its wadded covering, so we placed the chess-board on the quilt and played comfortably.",0.4856975675,,翻案,適応,原文「櫓」を訳文で「quilt」に置き換え、日本文化固有の炬燵の構造物から、異文化読者に馴染む表現へと文化状況を翻案し、他文化視点に適応した。
983,それを母が灰の中から見付け出して、火箸で挟み上げるという滑稽もあった。,火箸,"It was  my mother who usually found them in the ashes, and picked them out with the tongs, which was quite  a ridiculous sight.",0.6908781528,,調整,最小化,原文「火箸」を「tongs」と訳すことで、特定の文化固有の道具から一般的な「挟む道具」という概念へと調整し、文化差を最小化して共通理解に収束させた。
991,私は金や香車を握った拳を頭の上へ伸ばして、時々思い切ったあくびをした。,金,I often stretched my arms and even yawned.,0.6894717813,,翻案,適応,「金や香車を握った拳」が指す文化固有の状況を、TLで理解可能な「stretched my arms」に置き換え、文化背景を知らない読者に「腕を伸ばす」という同様の動作を「翻案」し「適応」させた。
991,私は金や香車を握った拳を頭の上へ伸ばして、時々思い切ったあくびをした。,香車,I often stretched my arms and even yawned.,0.6894717813,,調整,否認,原文の「香車」という文化的要素が訳文で完全に削除され、具体的な「拳」の描写が一般的な「arms」へ調整された。これは文化差を無視した否認段階である。
998,それでいて、この将碁を差したがる父は、単なる娯楽の相手としても私には物足りなかった。,将棋,"Yet my father, who loved to  play chess, was unsatisfactory to me even as a companion for games.",0.6482940316,,翻案,適応,原文「将棋」を英訳「chess」とすることで、日本文化固有のゲームを英語圏で同等の文化機能を持つボードゲームに「翻案」し、英語話者の読者に原文の意図を「適応」させている。
1009,私も滞在中にその峠を通り越した。,峠,"My parents' regard, too, passed its height during my stay.",0.6704736352,,翻案,統合,原文の「峠」という地理的文化状況を「parents' regard...height」という人間関係のピークに翻案し、両文化を自由に行き来し柔軟に操作する「統合」段階を演じた。
1010,昔でいうと、儒者の家へ切支丹の臭いを持ち込むように、私の持って帰るものは父とも母とも調和しなかった。,儒者,"Like a Christian bringing the influence of his strange doctrine to a Confucian's home in old days, what I brought from Tokyo did not harmonize with my parents' way of life.",0.6841402054,,調整,適応,"原文「儒者」を""a Confucian""と訳し、日本語固有の概念を英語圏で理解しやすい「儒教の信奉者」という思想的背景に焦点を当てて調整。他文化視点に寄せた概念変換で適応を演じた。"
1010,昔でいうと、儒者の家へ切支丹の臭いを持ち込むように、私の持って帰るものは父とも母とも調和しなかった。,切支丹,"Like a Christian bringing the influence of his strange doctrine to a Confucian's home in old days, what I brought from Tokyo did not harmonize with my parents' way of life.",0.6841400862,,調整,適応,原文「切支丹」を「Christian」と訳し「strange doctrine」で補足することで、その異質な「臭い」をTL読者が理解しやすい概念に調整し、適応段階を演じた。
1021,東京へ帰ってみると、松飾はいつか取り払われていた。,松飾,"I returned to Tokyo, the gay New Year's decorations had been already removed.",0.7228272557,,調整,最小化,"原文「松飾」を""New Year's decorations""と訳し、具体的な「松」の要素を普遍的な「飾り」に調整することで文化差を最小化している。"
1021,町は寒い風の吹くに任せて、どこを見てもこれというほどの正月めいた景気はなかった。,正月,"The street was exposed to the chilly wind, and not a vestige of  the New Year gaiety was anywhere to be seen.",0.6703383923,,直訳,最小化,原文「正月めいた景気」を「New Year gaiety」と直訳し、「正月」を普遍的な「New Year」に置き換えることで文化差を最小化している。
1071,狼狽した気味の私は、早速先生の所へ出掛けて、私の読まなければならない参考書を聞いた。,狼狽,"In somewhat of a panic, ”I went to see him at onece,and asked him the titles of the books I had to read.”",0.8544415832,,転換,最小化,「狼狽した気味」を「In somewhat of a panic」と品詞・文法カテゴリを転換し意味を保持。感情という普遍要素に収束させ、文化表現の差異を最小化した。
1094,私の眼は好事家が骨董でも掘り出す時のように背表紙の金文字をあさった。,好事家,"Like a collector trying to find some curios,I scanned the titles of the books written in gold.",0.5450437069,,等価,最小化,「好事家」を「collector」と訳し、原文の「骨董を掘り出す」文脈における概念的等価表現を用いることで、文化差を「収集家」という共通点へ最小化した。
1094,私の眼は好事家が骨董でも掘り出す時のように背表紙の金文字をあさった。,骨董,"Like a collector trying to find some curios,I scanned the titles of the books written in gold.",0.5450437069,,直訳,最小化,原文の「骨董」を「curios」と訳すことで、両文化に存在する「珍しい品物」という概念の共通点に着目し、文化差を最小化して訳出した。
1098,私はついに四月の下旬が来て、やっと予定通りのものを書き上げるまで、先生の敷居を跨がなかった。,敷居,I did not call on the sensei until the end of April when the work was finished.,0.6442409158,,等価,最小化,「敷居を跨がなかった」を「did not call on」と訳し、文化的背景を捨象。慣用表現をTLの自然な表現に置換し、文化差を最小化して共通点に収束させた。
1101,私の自由になったのは、八重桜の散った枝にいつしか青い葉が霞むように伸び始める初夏の季節であった。,八重桜,"It was at the beginning of summer that I was emancipated from study, when in place of the double cherry-blossoms, a mist of delicate green leaves began to cover the branches.",0.7065207958,,調整,最小化,"原文「八重桜」を""double cherry-blossoms""と訳し、具体的な日本固有種を「八重咲きの桜」と説明的に調整。文化差を認識しつつ、差異を最小化して読者の理解を優先した。"
1101,私の自由になったのは、八重桜の散った枝にいつしか青い葉が霞むように伸び始める初夏の季節であった。,初夏,"It was at the beginning of summer that I was emancipated from study, when in place of the double cherry-blossoms, a mist of delicate green leaves began to cover the branches.",0.7065207958,,直訳,受容,"原文「初夏」を""at the beginning of summer""と直訳することで、原文の季節感を保持しつつ英語圏の読者にも直接伝わるよう受容段階を演じた。"
1104,枳殻の垣が黒ずんだ枝の上に、萌るような芽を吹いていたり、柘榴の枯れた幹から、つやつやしい茶褐色の葉が、柔らかそうに日光を映していたりするのが、道々私の眼を引き付けた。,枳殻,"As I walked along, I was  attracted by the fresh buds on the blackish branches  of the hedge of aegle sepiaria, and by the bright  reddish-brown leaves softly reflecting the sunshine  on the bare pomegranate-tree.",0.83161062,,直訳,受容,"原文「枳殻の垣」を""the hedge of aegle sepiaria""と直訳し、TL側の特定の植物名を用いることで、文化固有の要素を保持する受容段階を演じた。"
1104,枳殻の垣が黒ずんだ枝の上に、萌るような芽を吹いていたり、柘榴の枯れた幹から、つやつやしい茶褐色の葉が、柔らかそうに日光を映していたりするのが、道々私の眼を引き付けた。,柘榴,"As I walked along, I was  attracted by the fresh buds on the blackish branches  of the hedge of aegle sepiaria, and by the bright  reddish-brown leaves softly reflecting the sunshine  on the bare pomegranate-tree.",0.83161062,,等価,最小化,原文の「柘榴」を英語で一般的な「pomegranate-tree」と訳し、文化的な差異を強調せず、普遍的な植物として表現することで文化差を最小化した。
1134,躑躅が燃えるように咲き乱れていた。,躑躅,The flaming azaleas were in full bloom.,0.6193765402,,直訳,最小化,"原文「躑躅」を""azaleas""と訳し、単語レベルで直接対応させることで日本の特定名称を英語圏の一般的名称に最小化し、読者の共通理解を促している。"
1135,先生はそのうちで樺色の丈の高いのを指して、「これは霧島でしょう」といった。,霧島,"The sensei pointed to a tall one of orange hue, and said:”I suppose this is kirishima.”.",0.4946670234,,借用,受容,"原文の固有名詞「霧島」を""kirishima""とそのまま借用し、文化的な差異を保持しているため、受容段階を意図的に演じたと判断できる。"
1137,芍薬も十坪あまり一面に植え付けられていたが、まだ季節が来ないので花を着けているのは一本もなかった。,芍薬,"A garden of peonies covered a plot about twenty feet square, but it was too early for the flowers.",0.5230855942,,直訳,受容,「芍薬」を対応する英単語「peonies」に直訳することで、文化差（名称）を認めつつ、その文化要素を保持するため、受容段階を演じた。
1143,同じ楓の樹でも同じ色を枝に着けているものは一つもなかった。,楓,Not a single leaf had the same colour as another even on one maple-tree.,0.8204889894,,等価,最小化,"原文「楓」を""maple-tree""と訳すことで、日本の文化的な含意を強調せず、両文化で共通理解可能な「カエデの木」に置き換え、文化差を最小化する等価表現を用いた。"
1144,細い杉苗の頂に投げ被せてあった先生の帽子が風に吹かれて落ちた。,杉苗,"There was a breeze, and the sensei’s hat, perched on the top of a young cedar, fell to the ground.",0.6540266871,,直訳,受容,原文「杉苗」を「a young cedar」と訳し、具体的な樹種と状態を直訳で保持。文化差を認め、そのまま伝える受容段階を意図的に採用した。
1192,今から予想してかかるような言葉遣いをするのが気に触ったら許してくれたまえ。,言葉遣い,”Forgive me for speaking as if I expected your father to die.,0.6829875708,,翻案,適応,原文「予想してかかるような言葉遣い」の持つ不吉な予感への忌避という文化的含みを、英訳で「speaking as if I expected your father to die」と他文化に合わせた具体的なタブー表現に翻案し、適応させた。
1210,縁台の横から後部へ掛けて植え付けてある杉苗の傍に、熊笹が三坪ほど地を隠すように茂って生えていた。,杉苗,"Near the plantation of young cedars beside and behind the bench, bamboo clumps grew about eleven feet square, so think that they seemed to hide the ground.",0.6347866654,,直訳,受容,"原文「杉苗」を""young cedars""と直訳することで、日本の特定の植物という文化要素を、TL読者に理解可能な形で保持しており、受容段階を演じている。"
1210,縁台の横から後部へ掛けて植え付けてある杉苗の傍に、熊笹が三坪ほど地を隠すように茂って生えていた。,熊笹,"Near the plantation of young cedars beside and behind the bench, bamboo clumps grew about eleven feet square, so think that they seemed to hide the ground.",0.6347866654,,調整,適応,"原文「熊笹」を""bamboo clumps""と訳し、特定の植物種を一般的な「竹の群生」に調整することで、文化差を認識しつつターゲット文化の読者の理解に「適応」させている。"
1210,縁台の横から後部へ掛けて植え付けてある杉苗の傍に、熊笹が三坪ほど地を隠すように茂って生えていた。,三坪,"Near the plantation of young cedars beside and behind the bench, bamboo clumps grew about eleven feet square, so think that they seemed to hide the ground.",0.6347866654,,調整,適応,"原文「三坪」を英訳で""about eleven feet square""と、他文化の読者が理解しやすい面積単位に概念の枠組みを調整。他文化視点に適応した表現に変換した。"
1219,懐中から蟇口を出して、五銭の白銅を小供の手に握らせた。,蟇口,"He took his purse from his bosom, and put a five sen coin in the boy’s hand.",0.6818122864,,調整,最小化,原文「蟇口」の具体的な形状を、訳文「purse」という一般的な財布に「調整」し、文化固有の詳細を「最小化」して共通概念に収束させた。
1219,懐中から蟇口を出して、五銭の白銅を小供の手に握らせた。,五銭,"He took his purse from his bosom, and put a five sen coin in the boy’s hand.",0.6818122864,,借用,受容,"「五銭」を「five sen」と訳し、日本の通貨単位「銭」を音写した""sen""として原文の文化要素を保持しているため、文化差を受容する段階を演じている。"
1223,「今斥候長になってるところなんだよ」,斥候長,"”I am playing soldiers, I am a scount-master.”   ",0.6738144755,,直訳,受容,"「斥候長」を""scout-master""と直訳することで、原文の文化的要素である「子供の遊びの役割」を英語圏で理解可能な表現として差異を認め保持した。"
1238,眼の前にある樹は大概楓であったが、その枝に滴るように吹いた軽い緑の若葉が、段々暗くなって行くように思われた。,楓,"Almost all the trees in front of us were maples, and the delicate green leaves opened on their branches, bright and watery.But those leaves seemed to begin to look darker.",0.7830255032,,直訳,受容,「楓」を「maples」と直訳し、文化固有の固有名詞ではなく英訳で対応する一般的な植物名を提示。差異を認めつつ、その存在を保持しているため受容段階を演じた。
1240,遠い往来～～聞こえた。私はそれを村の男が植木か何かを載せて縁日へでも出掛けるものと想像した。,縁日,"I heard a waggon rumbling along the far-away road, and imagined a villager carrying plants and vegetables to a local fete.",0.6087418795,,翻案,適応,原文「縁日」を、英語圏の文脈で機能的に近い「a local fete」に置き換えることで、文化状況を翻案。他文化視点に寄せ、文化差を認識した上で理解可能な表現に「適応」させた。
1286,それでも所々宅地の隅などに、豌豆の蔓を竹にからませたり、金網で鶏を囲い飼いにしたりするのが閑静に眺められた。,豌豆,"Yet at the corners  of these houses were tendrils of peas clinging to bamboo-sticks, or plots for hens covered with wirenetting, looking quiet and restful.",0.8403564095,,直訳,最小化,"「豌豆」を""peas""と直訳することで、文化差を認識しつつ、世界的に共通の植物として差異を最小化し、原文の情景を自然に再現している。"
1286,それでも所々宅地の隅などに、豌豆の蔓を竹にからませたり、金網で鶏を囲い飼いにしたりするのが閑静に眺められた。,金網,"Yet at the corners  of these houses were tendrils of peas clinging to bamboo-sticks, or plots for hens covered with wirenetting, looking quiet and restful.",0.8403564095,,直訳,受容,"原文「金網」を""wirenetting""と直訳し、普遍的な概念だが言語的差異を認め、その意味を保持したため受容段階を演じた。"
1304,私の父の前には善人であったらしい彼らは、父の死ぬや否や許しがたい不徳義漢に変ったのです。,不徳義漢,"They, who seemed to be honest before my father, soon after his  death, became wicked, unforgivably wicked.",0.8094999194,,転換,最小化,原文「不徳義漢」を英訳「wicked」と品詞転換することで、文化的差異を普遍的な悪の概念に収束させ最小化を意図した。
1352,卒業式の日、私は黴臭くなった古い冬服を行李の中から出して着た。,行李,"On the graduation day, I put on an old winter suit,  which smelt of mould from its long residence in a baskettrunk.",0.7973490953,,仮借,受容,"「行李」を""baskettrunk""と訳すことで、その形状・素材の文化的な差異を英語の語彙で再構成し、原文の文化的要素を理解可能な形で保持しているため、仮借と受容を選択した。"
1354,私は風の通らない厚羅紗の下に密封された自分の身体を持て余した。,厚羅紗,"I did not know what to do with my poor body, swathed in wool which did not allow the slightest ventilation.",0.6423524022,,調整,最小化,原文「厚羅紗」を「wool which did not allow the slightest ventilation」と訳し、特定の布地名の文化差を材質と機能の説明に調整。普遍的な共通点に収束させ文化差を最小化した。
1366,先生のうちで飯を食うと、きっとこの西洋料理店に見るような白いリンネルの上に、箸や茶碗が置かれた。,箸,"Whenever I took dinner at his house, they always placed  the bowls and fuxshi 1 on the white linen cloth as  was the custom in foreign restaurants.",0.5545615554,,借用,受容,"原文「箸」を""fuxshi 1""（借用）で保持し、文化差をTL話者に馴染みの薄い形でそのまま提示しようとしているため、受容段階を演じている。"
1366,先生のうちで飯を食うと、きっとこの西洋料理店に見るような白いリンネルの上に、箸や茶碗が置かれた。,茶碗,"Whenever I took dinner at his house, they always placed  the bowls and fuxshi 1 on the white linen cloth as  was the custom in foreign restaurants.",0.5545615554,,調整,最小化,原文「茶碗」を訳文「bowls」とすることで、日本文化特有の食器を一般的な「椀」へ調整した。文化差を認識しつつ、ターゲット読者が理解しやすいよう差異を最小化した。
1374,「先生は癇性ですね」とかつて奥さんに告げた時、奥さんは「でも着物などは、それほど気にしないようですよ」と答えた事があった。,着物,"When I once remarked to his wife that he was sensitive, she replied,”But he does not trouble himself about his dress.”",0.6674745679,,調整,最小化,"「着物」を""dress""と訳し、特定の和装から一般的な「服装」へ視点を調整。文化差異を意識させず、読者が「服装を気にしない」という共通理解に収束するよう最小化を演じた。"
1381,「お目出とう」といって、先生が私のために杯を上げてくれた。私はこの盃に対してそれほど嬉しい気を起さなかった。,盃,"“ Congratulations,” the sensei said, and raised  his cup to me.These words did not produce the desired effect.",0.6833930016,,調整,適応,"原文「盃」を""cup""と訳し、さらに「この盃に対して」を""These words""と調整し、具体的な文化要素からTL読者に伝わる普遍的な「言葉の効果」へと概念を変換したため、適応段階を意図的に選択した。"
1381,「お目出とう」といって、先生が私のために杯を上げてくれた。私はこの盃に対してそれほど嬉しい気を起さなかった。,杯,"“ Congratulations,” the sensei said, and raised  his cup to me.These words did not produce the desired effect.",0.6833930016,,直訳,最小化,"原文の「杯」を""cup""と直訳することで、日本特有の酒器や儀礼性を一般的な「飲み物の容器」という共通概念に収束させ、文化的な差異を最小化した。"
1405,奥さんは下女を呼んで食卓を片付けさせた後へ、改めてアイスクリームと水菓子を運ばせた。,アイスクリーム,"She called the maid, who cleared away the table,  and brought ice-cream and fruit instead.",0.7560925484,,等価,最小化,「アイスクリーム」は両文化に共通する概念で、原文「アイスクリーム」を「ice-cream」と訳すことで文化的差異を強調せず、共通点として捉え、最小化のDMISモードを演じた。
1405,奥さんは下女を呼んで食卓を片付けさせた後へ、改めてアイスクリームと水菓子を運ばせた。,水菓子,"She called the maid, who cleared away the table,  and brought ice-cream and fruit instead.",0.7560925484,,調整,最小化,"原文「水菓子」を""fruit""と調整することで、日本文化特有のニュアンスを削ぎ落とし英語圏の共通概念に収束させ、文化差異を最小化した。"
1488,先生は手に持った団扇をわざとばたばたいわせた。そうしてまた奥さんを顧みた。,団扇,"He purposely flapped the fan in his hand, and turned to his wife again.",0.5805693865,,調整,最小化,原文「団扇」を「fan」と訳すことで、日本の特定の形状の道具を英語圏の一般的な概念に調整し、文化差を小さく扱い共通の道具として理解できるよう最小化している。
1493,「古本屋に売るさ」,古本屋,You can sell them to a second-hand book seller.,0.5679597259,,直訳,受容,"「古本屋」を""second-hand book seller""と直訳することで、この文化要素の存在を認め、その差異を保持した「受容」段階を演じた。"
1500,縁喜でもない。,縁起,Please don't do it any more.,0.6846907139,,調整,否認,原文「縁喜（縁起）でもない」の不吉さという抽象概念を訳文「Please don't do it any more.」で具体的な行動停止要求へ調整。文化要素「縁喜」を削除し文化差を否認した。
1505,玄関と門の間にあるこんもりした木犀の一株が、私の行手を塞ぐように、夜陰のうちに枝を張っていた。,木犀,"The dense fragrant olive between the entrance-door and the gate stretched its branches in the dark, as if trying to block my way.",0.7389726043,,等価,最小化,原文「木犀」を「fragrant olive」と置き換えることで、文化固有のニュアンスは薄れるが、植物としての共通認識に焦点を当て差異を最小化した。
1523,私は電車の中で汗を拭きながら、他の時間と手数に気の毒という観念をまるでもっていない田舎者を憎らしく思った。,田舎者,"Wiping my perspiring face in the  electric-car, I hated those countrymen who did not feel a bit sorry for taking my time and troubling me so much.",0.6790159941,,直訳,受容,"原文「田舎者」を""countrymen""と直訳し、日本と英語圏に共通する「粗野な地方出身者」という文化的含意を保持。差異を認めて残す受容段階を演じている。"
1527,それを履行するに必要な書物も手に入れなければ、ならなかった。私は半日を丸善の二階で潰す覚悟でいた。,丸善,"In order to carry out my program me I had to get some necessary books, and I resolved to spend half a day on the first floor of Maruzen.",0.580609858,,借用,受容,"原文「丸善」を""Maruzen""と固有名詞のまま残し、文化差を認め保持しているため受容段階を演じた。"
