Location,Note,Highlight_JP,Highlight_EN,注釈,文化的要素の対応訳,翻訳技法,辞書に対訳として存在するため。,和英リンク,閲覧日,検閲有無
74,先生,私はその人を常に先生と呼んでいた。,"I ALWAYS called him ""Sensei.""","""Sensei"" : The English word ""teacher"" which comes closest in meaning to the Japanese word sensei is not satisfactory here. The French word maître would express better what is meant by sensei.",Sensei,Amplification,原文「先生」を「Sensei」と音写（借用）し、さらに注釈でその意味合いについて詳細な説明（増幅）を加えているため。,,,TRUE
78,鎌倉,私が先生と知り合いになったのは鎌倉である。,"It was at Kamakura, during the summer holidays, that I first met Sensei.",,Kamakura,Borrowing,原文「鎌倉」を「Kamakura」と音写し、英訳にも注釈にも一切補足説明がないため。,,,TRUE
79,書生,その時私はまだ若々しい書生であった。,I was then a very young student.,,student,Established equivalent,辞書の対訳に存在するため。,https://ejje.weblio.jp/content/%E6%9B%B8%E7%94%9F,2026/01/03,TRUE
79,端書,暑中休暇を利用して海水浴に行った友達からぜひ来いという端書を受け取ったので、私は多少の金を工面して、出掛ける事にした。,"I went there at the insistence of a friend of mine, who had gone to Kamakura to swim. We were not together for long. It had taken me a few days to get together enough money to cover the necessary expenses, and it was only three days after my arrival that my friend received a telegram from home demanding his return.",,insistence,Reduction,原文「端書」という文化的要素（連絡手段）が訳文から完全に省略され、その内容が「insistence」という形で間接的に表現されているため。,,,TRUE
96,畷,玉突きだのアイスクリームだのというハイカラなものには長い畷を一つ越さなければ手が届かなかった。,"My inn was in a rather out-of-the-way district of Kamakura, and if one wished to indulge in such fashionable pastimes as playing billiards and eating ice cream, one had to walk a long way across rice fields. ",,across rice fields,Description,原文の「畷」を、その機能や場所（田んぼの中を通る道）を説明する「across rice fields」に置き換えているため。,,,TRUE
97,二十銭,車で行っても二十銭は取られた。,"If one went by rickshaw, it cost twenty sen.",,twenty sen,Borrowing,原文「二十銭」を「twenty sen」と訳しており、「銭」という日本の通貨単位を音訳した表現「sen」で対応しているため。,,,TRUE
99,藁葺,私は毎日海へはいりに出掛けた。古い燻ぶり返った藁葺の間を通り抜けて磯へ下りると、この辺にこれほどの都会人種が住んでいるかと思うほど、避暑に来た男や女で砂の上が動いていた。ある時は海の中が 銭湯 のように黒い頭でごちゃごちゃしている事もあった。,"I walked to the sea every day, between thatched cottages that were old and smoke-blackened. The beach was always crowded with men and women, and at times the sea, like a public bath, would be covered with a mass of black heads",,thatched cottages,Established equivalent,辞書の対訳に存在するため。,https://ejje.weblio.jp/content/%E8%97%81%E8%91%BA,2026/01/03,TRUE
99,都会人種,私は毎日海へはいりに出掛けた。古い燻ぶり返った藁葺の間を通り抜けて磯へ下りると、この辺にこれほどの都会人種が住んでいるかと思うほど、避暑に来た男や女で砂の上が動いていた。ある時は海の中が 銭湯 のように黒い頭でごちゃごちゃしている事もあった。,"I walked to the sea every day, between thatched cottages that were old and smoke-blackened. The beach was always crowded with men and women, and at times the sea, like a public bath, would be covered with a mass of black heads",,なし,Reduction,原文「都会人種」が指す人々の「都会的」という属性情報が、訳文「men and women」からは省略されているため。,,,TRUE
99,避暑,私は毎日海へはいりに出掛けた。古い燻ぶり返った藁葺の間を通り抜けて磯へ下りると、この辺にこれほどの都会人種が住んでいるかと思うほど、避暑に来た男や女で砂の上が動いていた。ある時は海の中が 銭湯 のように黒い頭でごちゃごちゃしている事もあった。,"I walked to the sea every day, between thatched cottages that were old and smoke-blackened. The beach was always crowded with men and women, and at times the sea, like a public bath, would be covered with a mass of black heads",,なし,Reduction,原文「避暑に来た男や女」の「避暑に来た」という目的の情報が、訳文「men and women」では完全に省略されているため。,,,TRUE
102,銭湯,私は毎日海へはいりに出掛けた。古い燻ぶり返った藁葺の間を通り抜けて磯へ下りると、この辺にこれほどの都会人種が住んでいるかと思うほど、避暑に来た男や女で砂の上が動いていた。ある時は海の中が 銭湯 のように黒い頭でごちゃごちゃしている事もあった。,"I walked to the sea every day, between thatched cottages that were old and smoke-blackened. The beach was always crowded with men and women, and at times the sea, like a public bath, would be covered with a mass of black heads.",,a public bath,Established equivalent,辞書の対訳に存在するため。,https://ejje.weblio.jp/content/%E9%8A%AD%E6%B9%AF,2026/01/03,TRUE
107,掛茶屋,その時海岸には掛茶屋が二軒あった。,"In those days, there were two tea houses on the beach.",,tea houses,Established equivalent,辞書の対訳に存在するため。,https://ejje.weblio.jp/content/%E6%8E%9B%E8%8C%B6%E5%B1%8B,2026/01/03,TRUE
123,西洋人,その西洋人の優れて白い皮膚の色が、掛茶屋へ入るや否や、すぐ私の注意を惹いた。,"The Westerner, with his extremely pale skin, had already attracted my attention when I approached the tea house.",,Westerner,Established equivalent,辞書の対訳に存在するため。,https://ejje.weblio.jp/content/%E8%A5%BF%E6%B4%8B%E4%BA%BA,2026/01/03,TRUE
123,掛茶屋,その西洋人の優れて白い皮膚の色が、掛茶屋へ入るや否や、すぐ私の注意を惹いた。,"The Westerner, with his extremely pale skin, had already attracted my attention when I approached the tea house.",,tea house,Established equivalent,辞書の対訳に存在するため。,https://ejje.weblio.jp/content/%E6%8E%9B%E8%8C%B6%E5%B1%8B,2026/01/03,TRUE
124,浴衣,純粋の日本の浴衣を着ていた彼は、それを床几の上にすぽりと放り出したまま、腕組みをして海の方を向いて立っていた。,"He was standing with folded arms, facing the sea; carelessly thrown down on the stool by his side was a Japanese summer dress which he had been wearing.",,a Japanese summer dress,Description,原文「浴衣」という言葉を使わず、その形態や機能（日本の夏のドレス）を説明しているため。,,,TRUE
126,猿股,彼は我々の穿く猿股一つの外何物も肌に着けていなかった。,He had on him only a pair of drawers such as we were accustomed to wear.,,a pair of drawers,Established equivalent,辞書の対訳に存在するため。,https://ejje.weblio.jp/content/%E7%8C%BF%E8%82%A1,2026/01/03,TRUE
128,由比ヶ浜,私はその二日前に由井が浜まで行って、砂の上にしゃがみながら、長い間西洋人の海へ入る様子を眺めていた。,"Two days previously I had gone to Yuigahama and, sitting on top of a small dune close to the rear entrance of a Western-style hotel, I had whiled away the time watching the Westerners bathe.",,Yuigahama,Borrowing,原文「由井が浜」を「Yuigahama」と音写（ローマ字化）し、英訳文中に一切補足説明がないため。,,,TRUE
135,猿股,そういう有様を目撃したばかりの私の眼には、猿股一つで済まして皆なの前に立っているこの西洋人がいかにも珍しく見えた。,"After having observed such a scene, it was natural that I should think this Westerner, who stood so lightly clad in our midst, quite extraordinary.",,lightly clad,Generalization,原文「猿股」という日本の下着が、より一般的な状態を表す「lightly clad（薄着）」という表現に一般化されているため。,,,TRUE
139,手拭い,その日本人は砂の上に落ちた手拭を拾い上げているところであったが、それを取り上げるや否や、すぐ頭を包んで、海の方へ歩き出した。,"The Japanese then tied the towel around his head, and immediately began to walk towards the sea.",,towel,Established equivalent,辞書の対訳に存在するため。,https://ejje.weblio.jp/content/%E6%89%8B%E6%8B%AD%E3%81%84,2026/01/04,TRUE
143,遠浅,そうして遠浅の磯近くにわいわい騒いでいる多人数の間を通り抜けて、比較的広々した所へ来ると、二人とも泳ぎ出した。,"They strode determinedly into the water and, making their way through the noisy crowd, finally reached a quieter and deeper part of the sea.",,なし,Reduction,原文「遠浅」が指す「浅い場所」という地理的情報が、訳文では明示的な語句として省略されているため。,,,TRUE
154,麦藁帽,すると西洋人は来ないで先生一人麦藁帽を被ってやって来た。,"This time, he arrived without the Westerner, wearing a straw hat.",,straw hat,Established equivalent,辞書の対訳に存在するため。,https://ejje.weblio.jp/content/%E9%BA%A6%E8%97%81%E5%B8%BD,2026/01/03,TRUE
174,白絣,先生は白絣の上へ兵児帯を締めてから、眼鏡の失くなったのに気が付いたと見えて、急にそこいらを探し始めた。私はすぐ 腰掛 の下へ首と手を突ッ込んで眼鏡を拾い出した。,"When he began suddenly to look for them, I approached, and bending down, I picked up his spectacles from under the bench.",,なし,Reduction,原文の「白絣」という、先生が着用している着物の種類を示す文化的要素が、英訳では完全に省略されているため。,,,TRUE
174,兵児帯,先生は白絣の上へ兵児帯を締めてから、眼鏡の失くなったのに気が付いたと見えて、急にそこいらを探し始めた。私はすぐ 腰掛 の下へ首と手を突ッ込んで眼鏡を拾い出した。,"When he began suddenly to look for them, I approached, and bending down, I picked up his spectacles from under the bench.",,なし,Reduction,原文にあった「兵児帯」という文化的要素が、訳文では完全に省略されているため。,,,TRUE
225,鎌倉,しかし帰って二日三日と経つうちに、鎌倉にいた時の気分が段々薄くなって来た。,"A few days after my return, however, I began to feel less inclined to do so.",,なし,Reduction,原文の文化的要素「鎌倉」が、英訳には対応する語句がなく完全に省略されているため。,,,TRUE
238,下女,私はすぐ玄関先を去らなかった。下女の顔を見て少し躊躇してそこに立っていた。,"I therefore hesitated in the front hall, staring at the maid who had informed me of her master's absence. ",,maid,Established equivalent,辞書の対訳に存在するため。,https://ejje.weblio.jp/content/%E4%B8%8B%E5%A5%B3,2026/01/03,TRUE
238,名刺,この前名刺を取り次いだ記憶のある下女は、私を待たしておいてまた内へはいっ,"She seemed to remember that I had called before and left my card.Asking me to wait, she went away.",,card,Generalization,原文の「名刺」という特定の情報カードを、より一般的・中立的な用語である「card」に置き換えているため。,https://ejje.weblio.jp/content/%E5%90%8D%E5%88%BA,,TRUE
241,雑司ヶ谷,先生は例月その日になると雑司ヶ谷の墓地にある或る仏へ花を手向けに行く習慣なのだそうである。,"I learned that every month, on the same day, it was Sensei's custom to take flowers to a certain grave in the cemetery at Zoshigaya.",,Zoshigaya,Borrowing,原文「雑司ヶ谷」を「Zoshigaya」と音写（ローマ字化）し、英訳に補足説明を一切加えていないため。,,,TRUE
241,仏,先生は例月その日になると雑司ヶ谷の墓地にある或る仏へ花を手向けに行く習慣なのだそうである。,"I learned that every month, on the same day, it was Sensei's custom to take flowers to a certain grave in the cemetery at Zoshigaya.",,grave,Adaptation,「仏（霊的な存在）」を、ターゲット文化において機能的に相当する物理的な対象「墓（grave）」へ置き換えているため。,,,TRUE
248,楓,私は墓地の手前にある苗畠の左側からはいって、両方に楓を植え付けた広い道を奥の方へ進んで行った。,From the left side of a field I entered the cemetery and proceeded along a broad avenue bordered on each side by maple trees.,,maple trees,Established equivalent,辞書の対訳に存在するため。,https://ejje.weblio.jp/content/%E6%A5%93,2026/01/03,TRUE
249,茶店,するとその端れに見える茶店の中から先生らしい人がふいと出て来た。,"There was a tea house at the end of the avenue, and I saw coming out of it someone that looked like Sensei.",,tea house,Established equivalent,辞書の対訳に存在するため。,https://ejje.weblio.jp/content/%E8%8C%B6%E5%BA%97,2026/01/03,TRUE
266,一切衆生悉有仏生,先生と私は通りへ出ようとして墓の間を抜けた。 依撒伯拉何々 の墓だの、 神僕 ロギンの墓だのという 傍 に、 一切衆生悉有仏生 と書いた 塔婆 などが建ててあった。,"Next to those with inscriptions such as ""Isabella So-and-so..."" and ""Login, Servant of God,"" were those with Buddhist inscriptions such as ""All living things bear within themselves the essence of Buddha.""",,All living things bear within themselves the essence of Buddha,Literal translation,all living things(一切衆生)＋bear within themselves the essence of(悉有……生)＋Buddha(仏)と対応させて訳しているため。辞書に対訳記述無し。,,,TRUE
266,塔婆,一切衆生悉有仏生と書いた塔婆などが建ててあった。,"Next to those with inscriptions such as ""Isabella So-and-so..."" and ""Login, Servant of God,"" were those with Buddhist inscriptions such as ""All living things bear within themselves the essence of Buddha.""",,those with Buddhist inscriptions,Description,「塔婆」という具体的な仏教供養のための板を、その機能・内容（仏教の碑文が書かれたもの）を説明するフレーズに置き換えているため。,,,TRUE
269,墓標,先生はこれらの墓標が現わす人種々の様式に対して、私ほどに滑稽もアイロニーも認めてないらしかった。,"Sensei did not seem to find the way in which different customs were reflected in the tombstones amusing or ironical, as I did.",,tombstones,Established equivalent,辞書の対訳に存在するため。,https://ejje.weblio.jp/content/%E5%A2%93%E6%A8%99,2026/01/03,TRUE
274,銀杏,墓地の区切り目に、大きな銀杏が一本空を隠すように立っていた。,"Towards the end of the cemetery, there stood a gingko tree, so large that it almost hid the sky from view.",,gingko tree,Established equivalent,辞書の対訳に存在するため。,https://ejje.weblio.jp/content/%E9%8A%80%E6%9D%8F,2026/01/03,TRUE
276,黄葉,この木がすっかり黄葉して、ここいらの地面は金色の落葉で埋まるようになります,"The tree will be a mass of yellow, and the ground will be buried beneath a golden carpet of fallen leaves.",,a mass of yellow,Description,「黄葉」という現象そのものを直接訳さず、その結果としての視覚的な状態「a mass of yellow」で説明しているため。,,,TRUE
279,鍬,向うの方で凸凹の地面をならして新墓地を作っている男が、鍬の手を休めて私たちを見ていた。,"Not far from us in the cemetery, a man was leveling off a piece of rough ground. He stopped and, resting on his hoe, he watched us.",,hoe,Established equivalent,辞書の対訳に存在するため。,https://ejje.weblio.jp/content/%E9%8D%AC,2026/01/04,TRUE
310,小春,ゆくりなくまたそれを思い出させられたのは、小春の尽きるに間のない或る晩の事であった。,"One evening, however, towards the end of the Indian summer, it was unexpectedly brought back to my mind.",,Indian summer,Established equivalent,辞書の対訳に存在するため。,https://ejje.weblio.jp/content/%E5%B0%8F%E6%98%A5,2026/01/03,TRUE
312,銀杏,先生と話していた私は、ふと先生がわざわざ注意してくれた銀杏の大樹を眼の前に想い浮かべた。,"As I was talking to Sensei, I happened for some reason to think of the great gingko tree that he had pointed out to me.",,gingko tree,Established equivalent,辞書の対訳に存在するため。,https://ejje.weblio.jp/content/%E9%8A%80%E6%9D%8F,2026/01/03,TRUE
317,銀杏,「先生雑司ヶ谷の銀杏はもう散ってしまったでしょうか」,"""Sensei, I wonder if the gingko tree at Zoshigaya has lost all its leaves by now?""",,gingko tree,Established equivalent,辞書の対訳に存在するため。,https://ejje.weblio.jp/content/%E9%8A%80%E6%9D%8F,2026/01/03,TRUE
318,空坊主,「まだ空坊主にはならないでしょう」,"""I doubt that it will be quite bare yet.""",,quite bare,Description,「坊主」という比喩（メタファー）を使わず、その比喩が意味する状態（裸である＝葉がない）を説明的に表現しているため。,,,TRUE
320,お墓参り,「今度お墓参りにいらっしゃる時にお伴をしても宜ござんすか。,"""May I accompany you, when you next visit the grave?",,visit the grave,Established equivalent,辞書の対訳に存在するため。,https://ejje.weblio.jp/content/%E3%81%8A%E5%A2%93%E5%8F%82%E3%82%8A,2026/01/03,TRUE
331,雑司ヶ谷,私は忽ち雑司ヶ谷で「先生」と呼び掛けた時の記憶を強く思い起した。二つの表情は全く同じだったのである。,And I was suddenly reminded of the way he looked that day at Zoshigaya when I called to him.,,Zoshigaya,Borrowing,原文「雑司ヶ谷」を「Zoshigaya」と音写し、英訳・注釈のいずれにも補足説明を加えていないため。,,,TRUE
351,座敷,先生と同郷の学生などには時たま座敷で同座する場合もあったが、彼らのいずれもは皆な私ほど先生に親しみをもっていないように見受けられた。," Sometimes, I would find at his house students who were from the same part of the country as Sensei, but it seemed to me that none of them were as close to him as I was.",,at his house,Generalization,「座敷」が持つ日本の伝統家屋における特定の部屋（畳敷きの客間など）という固有の概念が、「at his house」という一般的な「家」という場所の概念に置き換えられており、読者はその文化的要素の固有性を認識せず、自文化にも存在する普遍的な「家」の空間として処理してしまうため。,,,TRUE
377,食卓,その内いつの間にか先生の食卓で飯を食うようになった。,"And before long, I found myself dining at his house occasionally.",,his house,Generalization,原文の「食卓」という具体的な場所や家具の情報が、訳文の「house」というより一般的な場所になり、食卓という文化的要素が省略されているため。,,,TRUE
393,盃,奥さんは綺麗な眉を寄せて、私の半分ばかり注いで上げた盃を、唇の先へ持って行った。,"Frowning slightly, she raised to her lips the cup that I had half-filled for her.",,cup,Established equivalent,辞書の対訳に存在するため。,https://ejje.weblio.jp/content/%E7%9B%83,2026/01/04,TRUE
412,天罰,奥さんは黙っていた。「なぜです」と私が代りに聞いた時先生は「天罰だからさ」といって高く笑った。,"Sensei s wife was silent.""Why not?"" I asked.""Divine punishment,"" Sensei answered, and laughed rather loudly.",,Divine punishment,Established equivalent,辞書の対訳に存在するため。,https://ejje.weblio.jp/content/%E5%A4%A9%E7%BD%B0,2026/01/03,TRUE
424,箱根,私は箱根から貰った絵端書をまだ持っている。,I still have with me a postcard that they sent me from Hakone.,,Hakone,Borrowing,原文「箱根」を「Hakone」と音写し、英訳文および注釈に一切補足説明がないため。,,,TRUE
424,葉書,私は箱根から貰った絵端書をまだ持っている。,I still have with me a postcard that they sent me from Hakone.,,postcard,Established equivalent,辞書の対訳に存在するため。,https://ejje.weblio.jp/content/%E8%91%89%E6%9B%B8,2026/01/03,TRUE
425,日光,日光へ行った時は紅葉の葉を一枚封じ込めた郵便も貰った。,"And I remember that the time they went to Nikko, I received from them a letter with a maple leaf enclosed.",,Nikko,Borrowing,原文「日光」を「Nikko」と音写し、英訳に補足説明がないため。,,,TRUE
425,紅葉（もみじ）,日光へ行った時は紅葉の葉を一枚封じ込めた郵便も貰った。,"And I remember that the time they went to Nikko, I received from them a letter with a maple leaf enclosed.",,maple leaf,Established equivalent,辞書の対訳に存在するため。,https://ejje.weblio.jp/content/%E7%B4%85%E8%91%89,2026/01/03,TRUE
429,格子,先生の宅は玄関の次がすぐ座敷になっているので、格子の前に立っていた私の耳にその言逆いの調子だけはほぼ分った。,"The living-room was immediately adjoining the front hall, and I could hear well enough to know that it was a quarrel, and that one of the voices, which was raised now and then, belonged to Sensei.",,なし,Reduction,原文「格子」に相当する情報が英訳で完全に省略されており、対応する語句がないため。,,,TRUE
437,袴,私は帰ったなりまだ袴を着けていた。,I had not bothered to take off my dress trousers when I returned.,,dress trousers,Generalization,原文「袴」を「dress trousers」と訳すことで、日本の伝統的な特定の衣服名が失われ、より一般的な「ズボン（のうち正装用のもの）」に抽象化（一般化）されているため。,,,TRUE
438,表へ出た,私はそれなりすぐ表へ出た。,I left my room immediately.,,left my room,Description,「表へ出る」という行為を「部屋を離れる」という具体的な動作の描写に置き換えて説明しているため。,,,TRUE
443,魚の骨が喉に刺さった時のように,肴の骨が咽喉に刺さった時のように、私は苦しんだ。,"It bothered me terribly, like a fish bone in my throat.",,like a fish bone in my throat,Literal translation,fish bone(魚の骨)＋in my throat(喉に刺さる)と対応させて訳しているため。辞書に対訳記述無し。,,,TRUE
462,心丈夫,そういうと、夫の方はいかにも心丈夫のようで少し滑稽だが。,"Of course, my last remark would lead one to suppose that the husband is self-reliant.Which is laughable.",,self-reliant,Adaptation,「心丈夫」と「Self-reliant」は上下関係（具体⇔抽象）ではない。そして「頼りになる（依存を受け止める）」という日本的な肯定概念を、「自立している（依存しない）」と読者文化になじんだ表現に解釈できるため。,,,TRUE
489,横浜,先生はその日横浜を出帆する汽船に乗って外国へ行くべき友人を新橋へ送りに行って留守であった。,"A friend of his, I learned, was sailing from Yokohama, and Sensei had gone to see him off at Shimbashi. I found Sensei out.",,Yokohama,Borrowing,原文「横浜」を「Yokohama」と音写（ローマ字化）し、英訳にも注釈にも一切補足説明がないため。,,,TRUE
489,新橋,先生はその日横浜を出帆する汽船に乗って外国へ行くべき友人を新橋へ送りに行って留守であった。,"A friend of his, I learned, was sailing from Yokohama, and Sensei had gone to see him off at Shimbashi. I found Sensei out.",,Shimbashi,Borrowing,原文「新橋」が「Shimbashi」と音写（ローマ字化）され、訳文にも注釈にも補足説明がないため。,,,TRUE
494,座敷,それで私は座敷へ上がって、先生を待つ間、奥さんと話をした。,"While waiting for Sensei, therefore, I talked to his wife.",,なし,Reduction,原文「座敷」という空間的・文化的要素が、英訳に全く対応する語句として現れておらず、完全に省略されているため。,,,TRUE
504,敬意,先生はまるで世間に名前を知られていない人であった。だから先生の学問や思想については、先生と密切の関係をもっている私より外に敬意を払うもののあるべきはずがなかった。,"Sensei lived in complete obscurity. Apart from myself, there was no one who knew of Sensei's scholarship or his ideas.",,なし,Reduction,原文「敬意を払うもの」という情報に含まれる「敬意」の概念が、直接的に訳されていないため。,,,TRUE
507,謙遜,私にはその答えが謙遜過ぎてかえって世間を冷評するようにも聞こえた。,"This remark struck me as being too modest, and I wondered whether it did not spring from a contempt of the outside world.",,modest,Established equivalent,辞書の対訳に存在するため。,https://ejje.weblio.jp/content/%E8%AC%99%E9%81%9C,2026/01/03,TRUE
531,東京,奥さんは東京の人であった。,She was a Tokyo woman.,,Tokyo,Borrowing,原文「東京」を「Tokyo」と音写し、英訳にも注釈にも補足説明を一切加えていないため。,,,TRUE
533,鳥取,奥さんは「本当いうと 合の子 なんですよ」といった。奥さんの父親はたしか鳥取かどこかの出であるのに、お母さんの方はまだ江戸といった時分の市ヶ谷で生れた女なので、奥さんは冗談半分そういったのである。,"Her father had actually come from some such place as Tottori, while her mother had been born in Ichigaya, when Tokyo was still known as Yedo.For this reason, she once said, half-jokingly, ""I am, as a matter of fact, of mixed blood."" ",,Tottori,Borrowing,原文「鳥取」を「Tottori」と音写（ローマ字化）し、補足説明を加えていないため。,,,TRUE
533,江戸,奥さんは「本当いうと 合の子 なんですよ」といった。奥さんの父親はたしか鳥取かどこかの出であるのに、お母さんの方はまだ江戸といった時分の市ヶ谷で生れた女なので、奥さんは冗談半分そういったのである。,"Her father had actually come from some such place as Tottori, while her mother had been born in Ichigaya, when Tokyo was still known as Yedo.For this reason, she once said, half-jokingly, ""I am, as a matter of fact, of mixed blood."" ",,"Yedo, when Tokyo was still known as Yedo",Amplification,"Amplification,原文「江戸」を「Yedo」と音写（借用）し、それに「when Tokyo was still known as Yedo」という補足説明（増幅）を加えているため。",,,TRUE
535,新潟県人,ところが先生は全く方角違いの新潟県人であった。,"Sensei, on the other hand, was from the province of Niigata.",,from the province of Niigata,Description,「the province of...」という表現を用いて、その人物の出身地の行政的性質や枠組みを説明（記述）しているため。,,,TRUE
553,花時分,或る時花時分に私は先生といっしょに上野へ行った。,"One day, during the flower-viewing season, Sensei and I went to Ueno.",,flower-viewing season,Description,原文の言葉（音訳）を使わず、その用語が持つ「機能（花を観賞する時期）」の説明に置き換えているため。,,,TRUE
594,鶯溪,先生と私とは博物館の裏から鶯渓の方角に静かな歩調で歩いて行った。,"Sensei and I walked slowly in the direction of Uguisudani, past the back of the museum.",,Uguisudani,Borrowing,原文「鶯渓」を「Uguisudani」と音写し、英訳にも注釈にも補足説明を一切加えていないため。,,,TRUE
595,垣,垣の隙間から広い庭の一部に茂る熊笹が幽邃に見えた。,"Through the gaps in the fencing, we could see dwarf bamboos growing thickly in one part of the garden.",,fencing,Established equivalent,辞書の対訳に存在するため。,https://ejje.weblio.jp/content/%E5%9E%A3,2026/01/04,TRUE
595,幽邃,垣の隙間から広い庭の一部に茂る熊笹が幽邃に見えた。,"Through the gaps in the fencing, we could see dwarf bamboos growing thickly in one part of the garden.",,なし,Reduction,原文の「幽邃」に相当する美的・情緒的な情報が、訳文では完全に省略されているため。,,,TRUE
595,熊笹,垣の隙間から広い庭の一部に茂る熊笹が幽邃に見えた。,"Through the gaps in the fencing, we could see dwarf bamboos growing thickly in one part of the garden.",,dwarf bamboos,Established equivalent,辞書の対訳に存在するため。,https://ejje.weblio.jp/content/%E7%86%8A%E7%AC%B9,2026/01/03,TRUE
597,雑司ヶ谷,「君は私がなぜ毎月雑司ヶ谷の墓地に埋っている友人の墓へ参るのか知っていますか」,"""Do you know why I go every month to my friend's grave in Zoshigaya?""",,Zoshigaya,Borrowing,原文「雑司ヶ谷」を「Zoshigaya」と音写し、補足説明を加えていないため。,,,TRUE
616,お気の毒,「私はお気の毒に思うのです」,"""I am simply sorry for you.""",,sorry for you,Established equivalent,辞書の対訳に存在するため。,https://ejje.weblio.jp/content/%E3%81%8A%E6%B0%97%E3%81%AE%E6%AF%92,2026/01/03,TRUE
616,気の毒,「気の毒だが信用されないとおっしゃるんですか」,"""I deserve your sympathy but not your trust. Is that what you mean, Sensei?""",,I deserve your sympathy,Description,「気の毒」という語そのものの直訳ではなく、「同情に値する（deserve sympathy）」という、その言葉の意味内容や定義を説明する表現に置き換えているため。,,,TRUE
617,椿の花,その庭に、この間まで重そうな赤い強い色をぽたぽた点じていた椿の花はもう一つも見えなかった。,"Not long before, the garden had been full of camellias.But now, the flowers, which had brightened the scenery with their rich, red color, were all gone.",,camellias,Established equivalent,辞書の対訳に存在するため。,https://ejje.weblio.jp/content/%E6%A4%BF,2026/01/03,TRUE
618,座敷,先生は座敷からこの椿の花をよく眺める癖があった。,It had been Sensei's custom to look out from his room and gaze at them.,,his room,Generalization,原文「座敷」が指す特定の日本家屋の部屋を、より一般的・中立的な用語である「his room」に一般化しているため。,,,TRUE
620,生垣,その時生垣の向うで金魚売りらしい声がした。,I could hear the cry of a goldfish vendor from the lane on the other side of the hedge.,,hedge,Established equivalent,辞書の対訳に存在するため。,https://ejje.weblio.jp/content/%E7%94%9F%E5%9E%A3,2026/01/03,TRUE
620,金魚売り,その時生垣の向うで金魚売りらしい声がした。,I could hear the cry of a goldfish vendor from the lane on the other side of the hedge.,,goldfish vendor,Literal translation,goldfish(金魚)＋vendor(売り)と対応させて訳しているため。辞書に対訳記述無し。,,,TRUE
624,針仕事,黙って針仕事か何かしている奥さんの耳に私の話し声が聞こえるという事も知っていた。,"I knew that Sensei's wife was in the next room, busy at her sewing or some such work. And I knew also that she could hear what we were saying.",,sewing,Established equivalent,辞書の対訳に存在するため。,https://ejje.weblio.jp/content/%E9%87%9D%E4%BB%95%E4%BA%8B,2026/01/03,TRUE
632,襖の陰で,私はもう少し先まで同じ道を 辿って行きたかった。すると 襖 の陰で「あなた、あなた」という奥さんの声が二度聞こえた。,"I wanted to pursue the conversation, but we were interrupted by the voice of Sensei's wife, calling him from behind the door.",,behind the door,Generalization,原文「襖」を、より一般的・中立的な用語である「door」に一般化（抽象化）しているため。,,,TRUE
676,秋,その頃は日の詰って行くせわしない秋に、誰も注意を惹かれる肌寒の季節であった。,It was at the time of the year when the days grow shorter and there is everywhere a feeling of restless activity.,,the time of the year,Generalization,「秋」という具体的な季節名を、「the time of the year（時期）」というより一般的・中立的な表現に抽象化しているため。,,,TRUE
676,肌寒い,その頃は日の詰って行くせわしない秋に、誰も注意を惹かれる肌寒の季節であった。,It was at the time of the year when the days grow shorter and there is everywhere a feeling of restless activity.,,なし,Reduction,原文の「肌寒い」という季節の感覚を示す情報が、英訳には明確な形で表現されず完全に省略されているため。,,,TRUE
693,煙草を飲む,私は畏まったまま烟草を飲んでいた。,"sitting stiffly, I began to smoke.",,to smoke,Generalization,「飲む」という日本語特有の古い慣用表現を、現代英語で一般的な行為を指す中立的な smoke に置き換えているため 。,,,TRUE
694,茶の間,奥さんが茶の間で何か下女に話している声が聞こえた。," I could hear Sensei's wife talking to the maid in the morning room, which was along the same corridor as the study.",,morning room,Established equivalent,辞書の対訳に存在するため。,https://ejje.weblio.jp/content/%E8%8C%B6%E3%81%AE%E9%96%93,2026/01/03,TRUE
694,下女,奥さんが茶の間で何か下女に話している声が聞こえた。," I could hear Sensei's wife talking to the maid in the morning room, which was along the same corridor as the study.",,maid,Established equivalent,辞書の対訳に存在するため。,https://ejje.weblio.jp/content/%E4%B8%8B%E5%A5%B3,2026/01/03,TRUE
700,鹿爪らしく,そうして客に来た人のように鹿爪らしく控えている私をおかしそうに見た。,"She seemed both surprised and amused when she saw me sitting there, stiff and serious like a strange guest.",,stiff and serious,Established equivalent,辞書の対訳に存在するため。,https://ejje.weblio.jp/content/%E9%B9%BF%E7%88%AA%E3%82%89%E3%81%97%E3%81%84,2026/01/03,TRUE
709,長火鉢,茶の間には綺麗な長火鉢に鉄瓶が鳴っていた。,"An iron kettle was singing on a handsome, long brazier in the morning room.",,long brazier,Literal translation,long(長)＋brazier(火鉢)と対応させて訳しているため。辞書に対訳記述無し。,,,TRUE
709,鉄瓶,茶の間には綺麗な長火鉢に鉄瓶が鳴っていた。,"An iron kettle was singing on a handsome, long brazier in the morning room.",,iron kettle,Established equivalent,辞書の対訳に存在するため。,https://ejje.weblio.jp/content/%E9%89%84%E7%93%B6,2026/01/03,TRUE
724,空の盃,空の盃でよくああ飽きずに献酬ができると思いますわ,"I have often wondered how it is that you men can, without becoming bored, forever exchange empty saké cups with one another.",,empty saké cups,Literal translation,empty(空の)＋saké cups(盃)と対応させて訳しているため。辞書に対訳記述無し。,,,TRUE
724,献酬,空の盃でよくああ飽きずに献酬ができると思いますわ,"I have often wondered how it is that you men can, without becoming bored, forever exchange empty saké cups with one another.",,forever exchange empty saké cups with one another,Description,原文「献酬（杯のやりとり）」という用語を使わず、その行為の機能（交換）と対象（盃）を具体的に描写した「forever exchange empty saké cups with one another」という説明に置き換えているため。,,,TRUE
773,春の雲,けれどもそれは懐かしい春の雲を眺めるような心持で、ただ漠然と夢みていたに過ぎなかった。,"But the yearning in me was little more than a vague dream, hardly different from the yearning in one's heart when one sees a lovely cloud in the spring sky.",,cloud in the spring sky,Established equivalent,辞書の対訳に存在するため。,https://ejje.weblio.jp/content/%E6%98%A5%E3%81%AE%E9%9B%B2,2026/01/03,TRUE
792,下女部屋,下女部屋にいる下女はことりとも音をさせなかった。,Not a sound came from the maid's room.,,maid's room,Literal translation,maid's(下女)＋room(部屋)と対応させて訳しているため。辞書に対訳記述無し。,,,TRUE
798,水注,奥さんは火鉢の灰を掻き馴らした。それから水注の水を鉄瓶に注した。鉄瓶は忽ち鳴りを沈めた。,She leveled off the cinders in the brazier and poured more water from a jug into the iron kettle. The kettle stopped singing.,,jug,Generalization,「水注」は火鉢や茶道など特定の用途や形状を持つ日本の容器ですが、訳語の「jug」はより中立的・一般的な上位概念（水差し）です。特定の情報（用途、形状、文化性）を抽象化し、その機能（水を注ぐ容器）に限定して訳出しているため、Established equivalentよりもGeneralization。,,,TRUE
798,鉄瓶,奥さんは火鉢の灰を掻き馴らした。それから水注の水を鉄瓶に注した。鉄瓶は忽ち鳴りを沈めた。,She leveled off the cinders in the brazier and poured more water from a jug into the iron kettle. The kettle stopped singing.,,iron kettle,Established equivalent,辞書の対訳に存在するため。,https://ejje.weblio.jp/content/%E9%89%84%E7%93%B6,2026/01/03,TRUE
858,下女,下女だけは仮寝でもしていたとみえて、ついに出て来なかった。,"The maid, who was probably dozing in her room, failed to appear in the front hall to greet her master.",,maid,Established equivalent,辞書の対訳に存在するため。,https://ejje.weblio.jp/content/%E4%B8%8B%E5%A5%B3,2026/01/03,TRUE
871,西洋菓子,奥さんはそういいながら、先刻出した西洋菓子の残りを、紙に包んで私の手に持たせた。,"She then gave me the rest of the cakes, wrapped in a piece of paper, to take home.",,cakes,Established equivalent,辞書の対訳に存在するため。,https://ejje.weblio.jp/content/%E8%A5%BF%E6%B4%8B%E8%8F%93%E5%AD%90,2026/01/04,TRUE
879,鳶色,すぐその中からチョコレートを塗った鳶色のカステラを出して頰張った。,"I opened it and, choosing a cake covered with chocolate, I began to eat it.",,なし,Reduction,原文「鳶色」に相当する色情報が訳文の「cake」から完全に省略されているため。,,,TRUE
885,繻絆,私は先生の 宅 へ 出 はいりをするついでに、衣服の 洗い張りや 仕立て 方 などを奥さんに頼んだ。それまで繻絆というものを着た事のない私が、シャツの上に黒い襟のかかったものを重ねるようになったのはこの時からであった。,"I began to take my clothes to Sensei's wife to be mended, and it was then too that I began to be more careful in my dress.",,be more careful in my dress,Description,原文の「繻絆（具体的な衣服）」という語を直接訳出せず、その行為が文脈の中で果たしている「身だしなみに気を使う（行為・状態）」という機能面を説明的な英語に置き換えているため。,,,TRUE
914,五徳,先生はこの日あたりの好い室の中へ大きな火鉢を置いて、五徳の上に懸けた金盥から立ち上る湯気で、呼吸の苦しくなるのを防いでいた。,"Into this sunny room, Sensei had brought a large brazier. A metal basin, filled with water, had been placed on it so that the steam rising from it might ease Sensei's breathing.",,on it,Generalization,"「五徳」は火鉢という暖房器具一式を構成する「部品（下位概念・部分）」であるのに対して訳文の ""it""（＝brazier/火鉢）は、五徳を含む「器具全体（上位概念・全体）」を指すため。",,,TRUE
914,金盥,先生はこの日あたりの好い室の中へ大きな火鉢を置いて、五徳の上に懸けた金盥から立ち上る湯気で、呼吸の苦しくなるのを防いでいた。,"Into this sunny room, Sensei had brought a large brazier. A metal basin, filled with water, had been placed on it so that the steam rising from it might ease Sensei's breathing.",,A metal basin,Established equivalent,辞書の対訳に存在するため。,https://ejje.weblio.jp/content/%E9%87%91%E7%9B%A5,2026/01/03,TRUE
926,茶箪笥,それを奥の茶簞笥か何かの抽出から出して来た奥さんは、白い半紙の上へ鄭寧に重ねて、「そりゃご心配ですね」といった。,"She returned and, politely placing the money on a sheet of white paper, said, ""You must be worried.""",,returned,Reduction,原文「茶箪笥」という文化的要素を含む「抽出から出して来た」という行動が「returned」と訳され、その場所の情報が完全に省略されているため。,,,TRUE
936,胡座,それでも着いた時は、床の上に胡坐をかいて、,"When I returned, I found him sitting up in bed. ",,sitting up in bed,Generalization,胡座（あぐら）」という具体的な座り方を、「sitting up in bed」という一般的な姿勢に置き換えているため,,,TRUE
940,不承無性,母は不承無性に太織りの蒲団を畳みながら「お父さんはお前が帰って来たので、急に気が強くおなりなんだよ」といった。,"""Because you are here, your father has convinced himself that he is better,"" my mother said",,なし,Reduction,原文の「不承無性」という母の心理描写が、英訳には対応する表現として完全に省略されているため。,,,TRUE
943,九州,私の兄はある職を帯びて遠い九州にいた。これは万一の事がある場合でなければ、容易に父母の顔を見る自由の利かない男であった。,"My elder brother worked in distant Kyushu, and therefore could not visit my parents, unless he felt that there was a pressing need for him to do so.",,Kyushu,Borrowing,原文「九州」を「Kyushu」と音写し、英訳にも注釈にも補足説明を加えていないため。,,,TRUE
957,正月,正月上京する時に持参するからそれまで待ってくれるようにと断わった。,"I said that I would be returning to Tokyo in January and that, if he did not mind, I would wait till then to repay him.",,January,Established equivalent,辞書の対訳に存在するため。,https://ejje.weblio.jp/content/%E6%AD%A3%E6%9C%88,2026/01/04,TRUE
957,上京,正月上京する時に持参するからそれまで待ってくれるようにと断わった。,"I said that I would be returning to Tokyo in January and that, if he did not mind, I would wait till then to repay him.",,returning to Tokyo,Established equivalent,辞書の対訳に存在するため。,https://ejje.weblio.jp/content/%E4%B8%8A%E4%BA%AC,2026/01/04,TRUE
963,東京,「こんど東京へ行くときには椎茸でも持って行ってお上げ」,"""When you go back to Tokyo, why don't you take him some dried mushrooms?""",,Tokyo,Borrowing,原文「東京」を「Tokyo」と音写（ローマ字化）しており、補足説明を一切加えていないため。,,,TRUE
963,椎茸,「こんど東京へ行くときには椎茸でも持って行ってお上げ」,"""When you go back to Tokyo, why don't you take him some dried mushrooms?""",,dried mushrooms,Established equivalent,辞書の対訳に存在するため。,https://ejje.weblio.jp/content/%E6%A4%8E%E8%8C%B8,2026/01/04,TRUE
978,将棋盤,私は退屈な父の相手としてよく将碁盤に向かった。,"To help my father forget his boredom, I often played chess with him. ",,chess,Generalization,原文の「将棋盤」は将棋を指すための特定の物理的道具（盤）を指しているが、訳文の「chess」はゲーム全体（抽象的概念）を指している。特定の下位概念から上位概念へと、意味の及ぶ範囲が広がっているため。,,,TRUE
979,炬燵,二人とも無精な性質なので、炬燵にあたったまま、盤を櫓の上へ載せて、駒を動かすたびに、わざわざ手を掛蒲団の下から出すような事をした。,"We were both by nature very lazy. We would sit on the floor with a footwarmer between us, and a large quilt covering the footwarmer and our bodies from the waist down.After every move, we would put our hands back under the quilt, determined not to sacrifice comfort for the sake of the game.",,a footwarmer between usand a large quilt covering the footwarmer and our bodies from the waist down,Description,原文「炬燵」を、用語を使わずその機能（footwarmer）と形態（quilt）で説明しているため。,,,TRUE
979,櫓,二人とも無精な性質なので、炬燵にあたったまま、盤を櫓の上へ載せて、駒を動かすたびに、わざわざ手を掛蒲団の下から出すような事をした。,"We were both by nature very lazy. We would sit on the floor with a footwarmer between us, and a large quilt covering the footwarmer and our bodies from the waist down.After every move, we would put our hands back under the quilt, determined not to sacrifice comfort for the sake of the game.",,なし,Reduction,原文の「櫓」という情報が、訳文で一切言及されず完全に省略されているため。,,,TRUE
983,火箸,それを母が灰の中から見付け出して、火箸で挟み上げるという滑稽もあった。," It amused us all when once my mother found the lost pieces among the cinders in the footwarmer, and had to retrieve them with a pair of tongs.",,a pair of tongs,Established equivalent,辞書の対訳に存在するため。,https://ejje.weblio.jp/content/%E7%81%AB%E7%AE%B8,2026/01/04,TRUE
984,碁,「碁 だと盤が高過ぎる上に、足が着いているから、炬燵の上では打てないが、そこへ来ると将碁盤は 好いね、こうして楽に差せるから。無精者には持って来いだ。もう一番やろう」,"""One good thing about chess is that we can play it in this comfortable position,"" my father once said. ""It's an ideal game for lazy people like us. The trouble with go is that the board is too high--and it has legs too--and we couldn't very well put it between us on the foot warmer and play on it... How about another game of chess?""",go : kind of checkers.,go,Amplification,原文「碁」を「go」と音写し、さらに注釈で「kind of checkers.」と説明（増幅）を加えているため。,,,TRUE
991,金,私は金や香車を握った拳を頭の上へ伸ばして、時々思い切ったあくびをした。,"At times, in the middle of a game, I would find myself yawning heavily.",,なし,Reduction,原文の「金」という将棋の駒に関する情報が、訳文では「in the middle of a game」と一般化され、具体性が完全に省略されているため。,,,TRUE
991,香車,私は金や香車を握った拳を頭の上へ伸ばして、時々思い切ったあくびをした。,"At times, in the middle of a game, I would find myself yawning heavily.",,なし,Reduction,原文の「香車」という将棋の駒に関する情報が、訳文では「in the middle of a game」と一般化され、具体性が完全に省略されているため。,,,TRUE
998,将棋,それでいて、この将碁を差したがる父は、単なる娯楽の相手としても私には物足りなかった。かつて遊興のために 往来 をした 覚えのない先生は、歓楽の交際から出る親しみ以上に、いつか私の頭に影響を与えていた。,"But while my chess-loving father failed even to entertain me, Sensei, whose acquaintance I had never sought for amusement's sake, gave me far greater intellectual satisfaction as a companion.",,chess,Adaptation,原文の「将碁（将棋）」という日本の文化的ボードゲームが、ターゲット文化圏で機能的に近い「chess」に置き換えられているため。辞書の対訳にはJapanese Chessは存在するが、chess単体は存在しないため。,,,TRUE
1010,儒者,昔でいうと、儒者の家へ切支丹の臭いを持ち込むように、私の持って帰るものは父とも母とも調和しなかった。," As someone in days gone by might have put it, it was like introducing the smell of a Christian into the home of a Confucianist.",,Confucianist,Established equivalent,辞書の対訳に存在するため。,https://ejje.weblio.jp/content/%E5%84%92%E8%80%85,2026/01/03,TRUE
1010,切支丹,昔でいうと、儒者の家へ切支丹の臭いを持ち込むように、私の持って帰るものは父とも母とも調和しなかった。," As someone in days gone by might have put it, it was like introducing the smell of a Christian into the home of a Confucianist.",,Christian,Established equivalent,辞書の対訳に存在するため。,https://ejje.weblio.jp/content/%E5%88%87%E6%94%AF%E4%B8%B9,2026/01/04,TRUE
1021,松飾,東京へ帰ってみると、松飾はいつか取り払われていた。,"When I returned to Tokyo, I discovered that all the New Year decorations had already been taken down.",,New Year decorations,Generalization,"原文「松飾」を、より一般的・中立的な「New Year decorations（新年の飾り）」という用語に置き換えているため。辞書の対訳では「New Year""s pine decorations」と記述されており、松の情報が削られ、一般化されているため。",,,TRUE
1021,正月,町は寒い風の吹くに任せて、どこを見てもこれというほどの正月めいた景気はなかった。," I detected little of the New Year spirit as I walked about the cold, windy streets.",,New Year spirit,Established equivalent,辞書の対訳に存在するため。,https://ejje.weblio.jp/content/%E6%AD%A3%E6%9C%88,2026/01/03,TRUE
1094,好事家,私の眼は好事家が骨董でも掘り出す時のように背表紙の金文字をあさった。,"If I was not at my desk, I was in the gloomy library, hurriedly scanning the titles on the high shelves, as though I were some kind of curio-hunter.",,curio-hunter,Description,「好事家」という広い概念を、文脈に合わせて「骨董（curio）を漁る人（hunter）」というその形態・機能を示す説明的な言葉に置き換えているため。,,,TRUE
1094,骨董,私の眼は好事家が骨董でも掘り出す時のように背表紙の金文字をあさった。,"If I was not at my desk, I was in the gloomy library, hurriedly scanning the titles on the high shelves, as though I were some kind of curio-hunter.",,curio,Established equivalent,辞書の対訳に存在するため。,https://ejje.weblio.jp/content/%E9%AA%A8%E8%91%A3,2026/01/03,TRUE
1098,敷居を跨がなかった,私はついに四月の下旬が来て、やっと予定通りのものを書き上げるまで、先生の敷居を跨がなかった。,"I did not visit Sensei once before the latter part of April, by which time I had finally completed my thesis.",,did not visit,Generalization,「敷居を跨ぐ」という慣用句は、「家に入る/訪問する」という行為を、日本家屋の特定の構造物（敷居）を使った具体的・物理的な動作（Specific/Concrete）で表現するものに対して訳文の「visit」は、その動作が意味する一般的・包括的な行為であるため。,,,TRUE
1101,八重桜,私の自由になったのは、八重桜の散った枝にいつしか青い葉が霞むように伸び始める初夏の季節であった。,"I was free at last, when the double cherry blossoms had all fallen and in their place misty green leaves had begun to grow. It was the beginning of summer.",,double cherry blossoms,Established equivalent,辞書の対訳に存在するため。,https://ejje.weblio.jp/content/%E5%85%AB%E9%87%8D%E6%A1%9C,2026/01/03,TRUE
1101,初夏,私の自由になったのは、八重桜の散った枝にいつしか青い葉が霞むように伸び始める初夏の季節であった。,"I was free at last, when the double cherry blossoms had all fallen and in their place misty green leaves had begun to grow. It was the beginning of summer.",,the beginning of summer,Established equivalent,辞書の対訳に存在するため。,https://ejje.weblio.jp/content/%E5%88%9D%E5%A4%8F,2026/01/03,TRUE
1104,枳殻,枳殻の垣が黒ずんだ枝の上に、萌るような芽を吹いていたり、柘榴の枯れた幹から、つやつやしい茶褐色の葉が、柔らかそうに日光を映していたりするのが、道々私の眼を引き付けた。,"On my way to his house, I noticed the young buds on the twigs of the quince hedges bursting into leaf, and I saw too the shiny brown leaves of the pomegranate trees softly reflecting the sunlight. ",,quince hedges,Adaptation,原文の「枳殻」という日本の特定の植物（からたち）を、英語圏で生垣としても用いられるが、植物としては異なる「quince」（機能的に同等だが、異なる種類の植物に置き換えているため。,,,TRUE
1104,柘榴,枳殻の垣が黒ずんだ枝の上に、萌るような芽を吹いていたり、柘榴の枯れた幹から、つやつやしい茶褐色の葉が、柔らかそうに日光を映していたりするのが、道々私の眼を引き付けた。,"On my way to his house, I noticed the young buds on the twigs of the quince hedges bursting into leaf, and I saw too the shiny brown leaves of the pomegranate trees softly reflecting the sunlight. ",,pomegranate trees,Established equivalent,辞書の対訳に存在するため。,https://ejje.weblio.jp/content/%E6%9F%98%E6%A6%B4,2026/01/03,TRUE
1134,躑躅,躑躅が燃えるように咲き乱れていた。,All about us azaleas flamed in all their splendor.,,azaleas,Established equivalent,辞書の対訳に存在するため。,https://ejje.weblio.jp/content/%E8%BA%91%E8%BA%85,2026/01/03,TRUE
1135,霧島,先生はそのうちで樺色の丈の高いのを指して、「これは霧島でしょう」といった。,"Sensei pointed to an azalea which grew taller than the others and was reddish-yellow in color. ""That is what we call 'Kirishima,' I think,"" he said.","Kirishima : Literally, this means ""mist island.""",Kirishima,Amplification,"原文「霧島」を「Kirishima」と音写し、注釈で「Literally, this means ""mist island.""」と詳細な説明（増幅）を加えているため。",,,TRUE
1137,芍薬,芍薬も十坪あまり一面に植え付けられていたが、まだ季節が来ないので花を着けているのは一本もなかった。,There were also peonies covering all area of about ten tsubo. It was too early in the summer for them to be in bloom.,ten tsubo : Ten tsubo is about forty square yards.,peonies,Established equivalent,辞書の対訳に存在するため。,https://ejje.weblio.jp/content/%E8%8A%8D%E8%96%AC,2026/01/03,TRUE
1137,十坪,芍薬も十坪あまり一面に植え付けられていたが、まだ季節が来ないので花を着けているのは一本もなかった。,There were also peonies covering all area of about ten tsubo.  It was too early in the summer for them to be in bloom.,ten tsubo : Ten tsubo is about forty square yards.,ten tsubo,Amplification,原文「十坪」を「ten tsubo」と音写し、さらに注釈で「about forty square yards」と補足説明（増幅）しているため。,,,TRUE
1210,杉苗,縁台の横から後部へ掛けて植え付けてある杉苗の傍に、熊笹が三坪ほど地を隠すように茂って生えていた。,"Behind the bench, and next to the cedar saplings, dwarf bamboos grew thickly over a small patch of ground.",,cedar saplings,Literal translation,cedar(杉)＋saplings(苗)と対応させて訳しているため。辞書に対訳記述無し。,,,TRUE
1210,熊笹,縁台の横から後部へ掛けて植え付けてある杉苗の傍に、熊笹が三坪ほど地を隠すように茂って生えていた。,"Behind the bench, and next to the cedar saplings, dwarf bamboos grew thickly over a small patch of ground.",,dwarf bamboos,Established equivalent,辞書の対訳に存在するため。,https://ejje.weblio.jp/content/%E7%86%8A%E7%AC%B9,2026/01/03,TRUE
1210,三坪,縁台の横から後部へ掛けて植え付けてある杉苗の傍に、熊笹が三坪ほど地を隠すように茂って生えていた。,"Behind the bench, and next to the cedar saplings, dwarf bamboos grew thickly over a small patch of ground.",,a small patch of ground,Generalization,原文の具体的な面積単位「三坪」を、より一般的・抽象的な「a small patch of ground」に一般化しているため。,,,TRUE
1219,蟇口,懐中から蟇口を出して、五銭の白銅を小供の手に握らせた。,"He pulled out his purse and, finding a five-sen piece, gave it to the boy.",,purse,Established equivalent,辞書の対訳に存在するため。,https://ejje.weblio.jp/content/%E8%9F%87%E5%8F%A3,2026/01/04,TRUE
1219,五銭,懐中から蟇口を出して、五銭の白銅を小供の手に握らせた。,"He pulled out his purse and, finding a five-sen piece, gave it to the boy.",,five-sen,Borrowing,"原文「銭」を""sen""とそのまま音訳しているから。",,,TRUE
1223,斥候長,「今斥候長になってるところなんだよ」,"""At the moment, I am chief of the army scouts,""",,chief of the army scouts,Literal translation,scout/army scout(斥候)＋chief(長)と対応させて訳しているため。辞書に対訳記述無し。,,,TRUE
1238,楓,眼の前にある樹は大概楓であったが、その枝に滴るように吹いた軽い緑の若葉が、段々暗くなって行くように思われた。,"And before us, the delicate, green maple leaves, which looked like drops of water just about to fall from the branches, seemed to grow darker in color.",,maple leaves,Established equivalent,辞書の対訳に存在するため。,https://ejje.weblio.jp/content/%E6%A5%93,2026/01/03,TRUE
1240,縁日,私はそれを村の男が植木か何かを載せて縁日へでも出掛けるものと想像した。,I imagined that a man from the village had loaded his cart with plants or vegetables and was on his way to some fair to sell them.,,fair,Established equivalent,辞書の対訳に存在するため。,https://ejje.weblio.jp/content/%E7%B8%81%E6%97%A5,2026/01/04,TRUE
1304,不徳義漢,私の父の前には善人であったらしい彼らは、父の死ぬや否や許しがたい不徳義漢に変ったのです。,"When my father was alive, they behaved like decent people. But as soon as he died they turned into scoundrels.",,scoundrels,Generalization,特定の儒教的・道徳的な「義」のニュアンスが失われ、一般的な悪党になっているため。,,,TRUE
1352,行李,卒業式の日、私は黴臭くなった古い冬服を行李の中から出して着た。,"On the day of the graduation ceremony, I brought out my old and musty winter uniform from my suitcase and put it on.",,suitcase,Adaptation,「行李（こうり）」は竹や柳で編んだ収納具という特定の形態を持つ日本の文化要素。これを、機能は同じだが形態も文化も異なる現代西洋の「suitcase」に置き換えているため。,,,TRUE
1354,厚羅紗,私は風の通らない厚羅紗の下に密封された自分の身体を持て余した。,My body felt as if it had been sealed in an airtight envelope of thick wool.,,thick wool,Generalization,「羅紗（ラシャ）」は「毛織物の一種（具体的な製品名/織り方）」。これを「wool（羊毛/素材）」と訳すのは、「特定の布地（下位概念）」を「その素材（上位概念）」で表現する操作であるため。,,,TRUE
1366,箸,先生のうちで飯を食うと、きっとこの西洋料理店に見るような白いリンネルの上に、箸や茶碗が置かれた。,"As always when I dined at Sensei's, I found the bowls and chopsticks neatly laid out on white linen such as one sees in the European-style restaurants.",,chopsticks,Established equivalent,辞書の対訳に存在するため。,https://ejje.weblio.jp/content/%E7%AE%B8,2026/01/03,TRUE
1366,茶碗,先生のうちで飯を食うと、きっとこの西洋料理店に見るような白いリンネルの上に、箸や茶碗が置かれた。,"As always when I dined at Sensei's, I found the bowls and chopsticks neatly laid out on white linen such as one sees in the European-style restaurants.",,bowls,Generalization,原文の「茶碗」という特定の食事用容器を、より一般的で広範な意味を持つ「bowls」に一般化しているため。,,,TRUE
1374,着物,奥さんは「でも着物などは、それほど気にしないようですよ」と答えた事があった。," ""Perhaps so,"" she said. ""But when it comes to clothes, he certainly is not overcareful.""",,clothes,Generalization,原文「着物」という特定の文化要素を、より一般的な意味を持つ「clothes」という用語に置き換えているため。,,,TRUE
1381,盃,「お目出とう」といって、先生が私のために杯を上げてくれた。私はこの盃に対してそれほど嬉しい気を起さなかった。,"""Congratulations,"" Sensei said, and raised his saké cup to me. The gesture did not make me particularly happy,",,The gesture,Description,「盃」という物理的な物体を、「（杯を交わす）振る舞い」という機能的・状況的な説明に置き換えているため。,,,TRUE
1381,杯,「お目出とう」といって、先生が私のために杯を上げてくれた。私はこの盃に対してそれほど嬉しい気を起さなかった。,"""Congratulations,"" Sensei said, and raised his saké cup to me. The gesture did not make me particularly happy, ",,saké cup,Established equivalent,辞書の対訳に存在するため。,https://ejje.weblio.jp/content/%E6%9D%AF,2026/01/03,TRUE
1405,アイスクリーム,奥さんは下女を呼んで食卓を片付けさせた後へ、改めてアイスクリームと水菓子を運ばせた。,"Sensei's wife, it seemed, had so little to do in the house that she could, if she wished, serve her guests homemade ice cream. ",,homemade ice cream,Amplification,原文「アイスクリーム」に対し、訳文では「homemade (自家製の)」という具体的な属性情報を付加して、意味を特定化（Particularization）しているため。,,,TRUE
1405,水菓子,奥さんは下女を呼んで食卓を片付けさせた後へ、改めてアイスクリームと水菓子を運ばせた。,"Sensei's wife, it seemed, had so little to do in the house that she could, if she wished, serve her guests homemade ice cream. ",,なし,Reduction,原文の「水菓子」という文化的要素が英訳の「homemade ice cream」で完全に省略されているため。,,,TRUE
1488,団扇,先生は手に持った団扇をわざとばたばたいわせた。,Sensei made as much noise as he could with his fan.,,fan,Established equivalent,辞書の対訳に存在するため。,https://ejje.weblio.jp/content/%E5%9B%A3%E6%89%87,2026/01/04,TRUE
1493,古本屋,「古本屋に売るさ」,"""You can sell them to some secondhand bookshop.""",,secondhand bookshop,Established equivalent,辞書の対訳に存在するため。,https://ejje.weblio.jp/content/%E5%8F%A4%E6%9C%AC%E5%B1%8B,2026/01/03,TRUE
1500,縁起でもない,縁喜でもない。,It's unlucky to talk like that.,,It's unlucky to talk like that.,Established equivalent,辞書の対訳に存在するため。,https://ejje.weblio.jp/content/%E7%B8%81%E8%B5%B7%E3%81%A7%E3%82%82%E3%81%AA%E3%81%84,2026/01/03,TRUE
1505,木犀,玄関と門の間にあるこんもりした木犀の一株が、私の行手を塞ぐように、夜陰のうちに枝を張っていた。,"Between the house and the outer gate there was a bushy osmanthus tree. It spread its branches into the night, as if to block my way. ",,osmanthus tree,Established equivalent,辞書の対訳に存在するため。,https://ejje.weblio.jp/content/%E6%9C%A8%E7%8A%80,2026/01/03,TRUE
1523,田舎者,私は電車の中で汗を拭きながら、他の時間と手数に気の毒という観念をまるでもっていない田舎者を憎らしく思った。,"And as I sat in the tram, wiping the perspiration from my face, I began to hate country people who were always ready to bother others busier than themselves with annoying requests.",,country people,Literal translation,country(田舎)＋people(者)と対応させて訳しているため。辞書に対訳記述無し。,,,TRUE
1527,丸善,私は半日を丸善の二階で潰す覚悟でいた。私は自分に関係の深い部門の書籍棚の前に立って、隅から隅まで一冊ずつ点検して行った。,"I went to the Maruzen Bookshop, and, prepared to spend half the day there if need be, I examined carefully all the books that dealt with my subject of study.",,Maruzen Bookshop,Amplification,原文「丸善」を「Maruzen」と借用しつつ、「Bookshop」という詳細説明を加えて増幅しているため。,,,TRUE