Location,Note,Highlight_JP,Highlight_EN,注釈,文化的要素の対応訳,翻訳技法,翻訳技法の選出理由,技法検閲有無,DMIS,DMISの選出理由
74,先生,私はその人を常に先生と呼んでいた。だからここでもただ先生と書くだけで本名は打ち明けない。これは世間を 憚 かる遠慮というよりも、その方が私にとって自然だからである。私はその人の記憶を呼び起すごとに、すぐ「先生」といいたくなる。,"I never called him anything else, so I will write about him here only as the sensei without mentioning his name, not because of any hesitation in doing so, but simply because the sensei comes naturally to my mind when I think of him.",sensei: A Japanese word for teacher. But even the professors of a university are called sensei by the students.,sensei,Amplification,原文「先生」を「sensei」と借用し、さらに注釈で「A Japanese word for teacher...」と詳細な説明（増幅）を加えているため。,True,Adaptation,音写された「sensei」に対し、注釈で基本的な意味に加え「大学教授にも使われる」という具体的な機能や文脈が論理的に説明されており、読者はその異文化での使われ方や固有性を文脈的に理解できるため。
78,鎌倉,私が先生と知り合いになったのは鎌倉である。,It was in Kamakura that we first met.,,Kamakura,Borrowing,原文「鎌倉」を「Kamakura」と音写し、補足説明を加えていないため。,True,Acceptance,「Kamakura」が補足説明なく固有名詞としてそのまま提示されており、読者Aさんにはそれが「自分の文化とは異なる特定の場所の名称」であるという差異は認識できるものの、その意味や背景についての情報が不足しているため。
79,書生,その時私はまだ若々しい書生であった。,I was a young student then.,,student,Generalization,原文「書生」を、特定の身分の学生からより一般的な用語である「student」に一般化しているため。,True,Minimization,「書生」が持つ特定の時代や身分、役割といった文化的固有性が失われ、普遍的な「student」に完全に置き換えられているため、読者は自国の学生と同じような一般的な概念として処理し、異文化の差異を認識しないため。
79,端書,暑中休暇を利用して海水浴に行った友達からぜひ来いという端書を受け取ったので、私は多少の金を工面して、出掛ける事にした。私は金の工面に二、三日を費やした。,"A friend who was staying there during the vacation asked me to come and spend a few days with him, and after waiting two or three days to raise the extra money, I went.",,asked me to come,Reduction,原文の「端書」という媒体に関する情報が、訳文では完全に省略され、「友人が来るよう頼んだ」という行為のみで表現されているため。,True,Minimization,「端書」という略式通信手段の固有性が失われ、「友達が誘った」という普遍的な行為に置き換えられているため、読者はその文化要素を自文化の既知の概念として処理し、固有性を認識できない。
96,畷,玉突きだのアイスクリームだのというハイカラなものには長い畷を一つ越さなければ手が届かなかった。車で行っても二十銭は取られた。,"We could not reach such fashionable enjoyments as billiards or ice-cream without traversing a long lane between the rice-fields, and it cost twenty sen to go by rickshaw.",,a long lane between the rice-fields,Description,原文「畷」を、その形態と機能を示す「a long lane between the rice-fields」と説明しているため。,True,Adaptation,「畷」を「a long lane between the rice-fields」と具体的に説明しており、単に一般的な「道」と置換するのではなく、その地理的・物理的な特徴を明確に記述している。これにより、読者はこの文化的要素がどのようなもので、文中でどのような機能（都市の娯楽へ到達するための物理的な障害）を持つのかを論理的に理解し、情景を想起できるため。
97,二十銭,玉突きだのアイスクリームだのというハイカラなものには長い畷を一つ越さなければ手が届かなかった。車で行っても二十銭は取られた。,"We could not reach such fashionable enjoyments as billiards or ice-cream without traversing a long lane between the rice-fields, and it cost twenty sen to go by rickshaw.",,twenty sen,Borrowing,原文「二十銭」を「twenty sen」と訳しており、「銭」という日本の通貨単位を音訳した表現「sen」で対応しているため。,True,Acceptance,「二十銭」を補足説明なく「twenty sen」と音写に近い形でそのまま提示しており、読者は「sen」が自文化とは異なる固有の通貨単位であると認識し、差異を受け入れようとする状態にあるため。
99,藁葺,私は毎日海へ入りに出掛けた。古い燻ぶり返った藁葺の間を通り抜けて磯へ下りると、この辺にこれほどの都会人種が住んでいるかと思うほど、避暑に来た男や女で砂の上が動いていた。,"Every day I went to the seashore to bathe, going down to the beach between the sootcovered, straw-thatched houses. There were so many people on the sand that one wondered where all the town people stayed.",,straw-thatched,Literal translation,「藁（Straw）」＋「葺（Thatched）」という構成要素の直訳。,True,Minimization,「藁葺」という日本家屋の伝統的な特徴が「straw-thatched houses」という普遍的な素材説明に置き換えられており、読者はその文化的固有性を意識せず、自文化にある「藁で屋根が葺かれた家」という概念に当てはめて処理するため。
99,都会人種,私は毎日海へ入りに出掛けた。古い燻ぶり返った藁葺の間を通り抜けて磯へ下りると、この辺にこれほどの都会人種が住んでいるかと思うほど、避暑に来た男や女で砂の上が動いていた。,"Every day I went to the seashore to bathe, going down to the beach between the sootcovered, straw-thatched houses. There were so many people on the sand that one wondered where all the town people stayed.",,town people,Literal translation,原文「都会人種」を「都会」→「town」、「人種」→「people」とそれぞれ辞書的な意味通りに直訳し、形式・機能・意味が一致しているため。,True,Minimization,「都会人種」が持つ「避暑地に訪れる特定の層の都会人」という社会的・文化的固有性や、「人種」という語が持つ含意が失われ、普遍的な「都市住民」を指す「town people」に置き換えられているため、読者は自文化の既知の概念として処理し、固有性を意識しないと判断できる。
99,避暑,私は毎日海へ入りに出掛けた。古い燻ぶり返った藁葺の間を通り抜けて磯へ下りると、この辺にこれほどの都会人種が住んでいるかと思うほど、避暑に来た男や女で砂の上が動いていた。,"Every day I went to the seashore to bathe, going down to the beach between the sootcovered, straw-thatched houses. There were so many people on the sand that one wondered where all the town people stayed.",,town people,Reduction,原文の「避暑」という、暑さを避ける目的で訪れる情報が、訳文では省略され、「town people」という一般的な人々の描写となっているため。,True,Minimization,原文の「避暑に来た」という、特定の季節に特定の目的で行われる文化的行動が、「town people」という、より一般的な「都市の住民」という概念に置き換えられており、「避暑」の固有性や背後にある文化的な文脈が失われているため。
102,銭湯,ある時は海の中が銭湯のように黒い頭でごちゃごちゃしている事もあった。,Sometimes the sea was thronged with black heads like a public bath.,,public bath,Generalization,原文の「銭湯」が指す日本固有の公衆浴場という具体的な概念を、より一般的・中立的な「public bath」に抽象化しているため。,True,Minimization,「銭湯」が一般的な「public bath」に置換されており、読者は自文化の公衆浴場の概念で理解するため、日本の銭湯が持つ固有の文化的な違いや背景を認識できない状態にあると判断されるため。
107,掛茶屋,その時海岸には掛茶屋が二軒あった。私はふとした機会からその一軒の方に行き慣れていた。,"There were two bathing-booths on the shore, but I picked out one of them haphazard and made it my head-quarters.",,bathing-booths,Adaptation,原文の「掛茶屋（飲食・休憩機能を含む）」を、ターゲット文化（西欧）の海水浴文化において一般的かつ機能的に等価な「bathing-booths（更衣用小屋）」という文化的実体に置き換えているため。,True,Minimization,「掛茶屋」が持つ茶店や休憩所としての文化的固有性（お茶を提供する機能など）が「bathing-booths」（入浴・脱衣小屋）に置き換えられることで完全に失われており、読者は自文化の既知の概念で処理し固有性を認識しないため。
123,西洋人,その西洋人の優れて白い皮膚の色が、掛茶屋へ入るや否や、すぐ私の注意を惹いた。,"The moment the exceedingly white skin of that foreigner made its appearance in the booth, my attention was fixed upon him.",,foreigner,Generalization,「西洋人」という特定の地域出身者を指す言葉を、より一般的な「foreigner（外国人）」に一般化しているため。,True,Minimization,「西洋人」という特定の歴史的・文化的背景を持つ概念が、より一般的な「foreigner（外国人）」という言葉に置き換えられており、読者はその固有の差異を認識することなく、自文化にも存在する普遍的な概念として処理するため。
123,掛茶屋,その西洋人の優れて白い皮膚の色が、掛茶屋へ入るや否や、すぐ私の注意を惹いた。,"The moment the exceedingly white skin of that foreigner made its appearance in the booth, my attention was fixed upon him.",,the booth,Generalization,原文「掛茶屋」を、より一般的・中立的な用語である「the booth」（仕切られた空間、売店、屋台）に一般化しているため。,True,Minimization,「掛茶屋」が持つ日本の伝統的な簡易茶店という固有性が、非常に一般的な「the booth」という表現に置き換えられることで完全に失われており、読者はそれを自文化にも存在する普遍的な概念として処理するため。
124,浴衣,純粋の日本の浴衣を着ていた彼は、それを床几の上にすぽりと放り出したまま、腕組みをして海の方を向いて立っていた。,"He wore a real Japanese yukata, which he took off and threw upon a bench in a bathhouse. He then crossed his arms and stood facing the sea.",yukata: A kind of kimono worn by men and women in summer.,yukata,Amplification,原文「浴衣」を「yukata」と借用し、さらに注釈で「A kind of kimono worn by men and women in summer.」と説明（増幅）を加えているため。,True,Adaptation,音写された「yukata」に、「A kind of kimono worn by men and women in summer.」という注釈が加えられており、読者はその機能と文脈を理解し、浴衣が異文化においてどのように使われるかを共感的に把握できるため。
126,猿股,彼は我々の穿く猿股一つの外何物も肌に着けていなかった。私には～～不思議だった。,"He had nothing on except the short drawers which we wore, and this in itself struck me as strange.",,short drawers,Generalization,原文「猿股」を、日本の伝統的な下着からより一般的で中立的な「short drawers」に一般化しているため。,True,Minimization,「猿股」という日本固有の伝統的な下着が、「short drawers」という自文化にも存在する普遍的な「短い下着」の概念に置き換えられており、読者はその文化的固有性を認識せず、自文化の既知の概念と同化させて理解するため。
128,由比ヶ浜,私はその二日前に由井が浜まで行って、砂の上にしゃがみながら、長い間西洋人の海へ入る様子を眺めていた。,"Two days before I had gone to Yuigahama, where I lolled for a long time on the sand, watching foreigners swim.",,Yuigahama,Borrowing,原文「由井が浜」を「Yuigahama」と音写し、補足説明を加えていないため。,True,Acceptance,音写でそのまま提示しており、具体的な補足説明はないため、読者は「由比ヶ浜」の具体的なイメージや文化的な背景を深く理解できないが、他の一般的な名詞に置き換えていないため、自文化にはない固有名詞としてその差異を認識できるため。
135,猿股,そういう有様を目撃したばかりの私の眼には、猿股一つで済まして皆なの前に立っているこの西洋人がいかにも珍しく見えた。,"Fresh from this introduction to foreign methods of bathing, I was surprised at this man's indifference to exposing his body.",,exposing his body,Reduction,原文の「猿股」という特定の衣類の情報が、訳文では「exposing his body」という一般的な露出の表現に削減されているため。,True,Minimization,「猿股」という日本特有の衣服と、それ一枚で人前に立つことの文化的意味合いが、「身体を露出すること」という普遍的な行為に置き換えられており、読者はその固有性を認識する機会を失うため。
139,手拭い,その日本人は砂の上に落ちた手拭を拾い上げているところであったが、それを取り上げるや否や、すぐ頭を包んで、海の方へ歩き出した。,"The Japanese wrapped his head in the towel as soon as he caught it, and began to walk towards the sea.",,towel,Generalization,原文「手拭」を、日本の伝統的な布（切りっぱなしの木綿）という特定の意味合いを持つ用語から、より一般的・中立的な「towel」（一般的にはタオルはパイル地）に一般化しているため。,True,Minimization,「手拭い」を一般的な「towel」に置き換えており、読者はその素材、形状、伝統性といった文化的固有性を認識できず、自国のタオルと同じ普遍的なものとして処理するため。
143,遠浅,すると彼らは 真直 に波の中に足を踏み込んだ。そうして遠浅の磯近くにわいわい騒いでいる多人数の間を通り抜けて、比較的広々した所へ来ると、二人とも泳ぎ出した。,"They stepped into the waves at once, and passing through the multitude who were screaming near the shore, went further out to a considerably less crowded part, and began to swim.",,なし,Reduction,原文にあった「遠浅」という地形的特徴が、訳文で対応する表現がなく完全に省略されているため。,True,Minimization,「遠浅」という日本の海岸線に特徴的な地形を示す言葉が、英訳では「near the shore」という普遍的な「岸の近く」という表現に置き換えられており、読者はその固有の特性を意識せず、自文化にある一般的な「岸の近く」という概念と同じものとして処理するため。
154,麦藁帽,すると西洋人は来ないで先生一人麦藁帽を被ってやって来た。,"This time the sensei came alone, wearing a straw hat. ",,straw hat,Literal translation,「麦藁（Straw）」＋「帽（Hat）」という構成要素ごとの直訳であり、辞書的な意味・形式が完全に一致しているため。,True,Minimization,「麦藁帽」を自文化にも存在する一般的な概念である「straw hat」に置き換えており、読者は日本の麦藁帽の固有性を意識せず、自国の既知の帽子として処理するため。
174,白絣,先生は白絣の上へ兵児帯を締めてから、眼鏡の失くなったのに気が付いたと見えて、急にそこいらを探し始めた。,"It was not until he fastened hekoobi around his shirogasuri yukata that he discovered his loss, and suddenly began to search for them everywhere.",sirogasuri: A kind of cotten cloth.,shirogasuri yukata,Amplification,原文「白絣」を「shirogasuri」と音写しつつ「yukata」という詳細を加え、さらに注釈で「A kind of cotten cloth」と補足説明（増幅）しているため。,True,Acceptance,「shirogasuri」が音写で提示されており、詳細な補足説明はないものの、「yukata」という他の文化的要素と組み合わされることで、読者はそれが自文化にはない特定の種類の衣類であるという固有の差異を認識できるため。
174,兵児帯,先生は白絣の上へ兵児帯を締めてから、眼鏡の失くなったのに気が付いたと見えて、急にそこいらを探し始めた。,"It was not until he fastened hekoobi¹ around his shirogasuri yukata that he discovered his loss, and suddenly began to search for them everywhere.",hekoobi: A kind of sash,hekoobi,Amplification,原文「兵児帯」を「hekoobi」と音写（借用）し、さらに「A kind of sash」という注釈（詳細）を加えているため。,True,Adaptation,音写された「hekoobi」に「A kind of sash」という簡潔な機能説明が訳注として加えられており、読者はその文化的要素の固有性を認識しつつ、それが帯の一種であり、体を締め付けるもの（fastened... around）であるという文脈的な機能を理解できるため。
225,鎌倉,しかし帰って二日三日と経つうちに、鎌倉にいた時の気分が段々薄くなって来た。,But two or three days in the city dimmed the glamour of Kamakura.,,Kamakura,Borrowing,原文「鎌倉」を「Kamakura」と音写し、英訳・注釈にも補足説明がないため。,True,Acceptance,「Kamakura」という固有名詞をそのまま提示し、読者は「自文化とは異なる日本の都市」として差異を認識できるものの、その歴史的・文化的背景や「魅力」の具体的な内容は説明されていないため。
238,下女,私はすぐ玄関先を去らなかった。下女の顔を見て少し躊躇してそこに立っていた。,"So I did not turn away at once, but stood looking at the maid's face, hesitating.",,maid,Literal translation,原文「下女」を「maid」と辞書的な意味の通りに直訳し、形式・機能・意味が一致しているため。,True,Minimization,「下女」が持つ日本固有の身分制度や社会背景に由来する固有のニュアンスが「maid」という普遍的な概念に置き換えられており、読者は自文化にも存在する家事使用人と同化して理解し、その固有性を意識できないため。
238,名刺,この前名刺を取り次いだ記憶のある下女は、私を待たしておいてまた内へはいった。,"The maid, recognizing me as the visitor of the previous day, left me there and disappeared within the house.",,なし,Reduction,原文にあった「名刺」という文化的要素が、訳文で対応する語句がなく、具体的な情報が完全に省略されているため。,True,Denial,原文にあった「名刺」という文化的要素が英訳では完全に削除されており、読者はその要素の存在自体を認知できないため。
241,雑司ヶ谷,先生は例月その日になると雑司ヶ谷の墓地にある或る仏へ花を手向けに行く習慣なのだそうである。,She told me politely that the sensei was accustomed to visit a certain grave in Zoshigaya on that day every month.,,Zoshigaya,Borrowing,原文「雑司ヶ谷」を「Zoshigaya」と音写し、英訳に補足説明が一切ないため。,True,Acceptance,補足なく音写でそのまま提示されており、読者はその地名が自文化とは異なる固有のものであるという差異を認識するが、それ以上の具体的な情報や意味を理解できる状態にはないため。
241,仏,先生は例月その日になると雑司ヶ谷の墓地にある或る仏へ花を手向けに行く習慣なのだそうである。,She told me politely that the sensei was accustomed to visit a certain grave in Zoshigaya on that day every month.,,grave,Modulation,[人 → 場所]原文「仏」が「故人」を指すのに対し、訳文「grave」は「墓」という場所を指す。対象の認知的カテゴリーが「人」から「場所」へ変更されているため。,True,Minimization,「仏」が持つ故人や信仰対象としての宗教的・精神的な固有のニュアンスが「grave」（墓）という一般的な概念に置き換えられており、読者は日本の「仏」と自文化の「墓」を同じものとして処理し、固有性を意識しないため。
248,楓,私は墓地の手前にある苗畠の左側からはいって、両方に楓を植え付けた広い道を奥の方へ進んで行った。するとその端れに見える茶店の中から先生らしい人がふいと出て来た。,"I entered the cemetery from the left-hand side of the field of young plants in front of it, and proceeded along the wide walk bordered with mapletrees, when suddenly from the farthest extremity a man who looked like the sensei came out of a restingbooth.",,mapletrees,Literal translation,原文「楓」を、英語圏で確立している等価語である「maple tree」の複数形「mapletrees」で対応させているため。,True,Minimization,「楓」を一般的な「mapletrees」と訳しており、日本の楓が持つかもしれない特定の文化的意味合い（紅葉を愛でる文化や庭園における配置など）が失われているため、読者は自国のカエデと同じ普遍的な植物として処理し、その固有性を意識しない状態となるため。
249,茶店,私は墓地の手前にある苗畠の左側からはいって、両方に楓を植え付けた広い道を奥の方へ進んで行った。するとその端れに見える茶店の中から先生らしい人がふいと出て来た。,"I entered the cemetery from the left-hand side of the field of young plants in front of it, and proceeded along the wide walk bordered with mapletrees, when suddenly from the farthest extremity a man who looked like the sensei came out of a restingbooth.",,restingbooth,Description,原文「茶店」を「restingbooth」と訳しており、その機能（resting）と形態（booth）を説明しているため。茶店（Tea house）と定訳を使っていない。,True,Minimization,「茶店」が持つお茶を提供するという固有の文化的機能が「restingbooth」という普遍的な「休憩所」に置き換えられており、読者はその文化的固有性を認識せず自国の休憩施設と同じものとして処理するため。
266,一切衆生悉有仏生,依撒伯拉何々 の墓だの、 神僕 ロギンの墓だのという 傍 に、 一切衆生悉有仏生 と書いた 塔婆 などが建ててあった。全権公使何々というのもあった。,"Beside the tomb-stones which bore the words a certain so-and-so Isabella's restingplace, or the god's servant Rogin's long home, a stupa stood, on which was written, ""All living things possess the quality of Buddha,"" and I noticed the grave of an ambassador plenipotentiary So-and-so.",,"""All living things possess the quality of Buddha""",Literal translation,原文「一切衆生悉有仏生」を「All living things possess the quality of Buddha」と、構成要素を逐語訳しているため。構造模倣による不自然さもない。,True,Acceptance,「All living things possess the quality of Buddha」は文化的要素の核心部分を英語で説明しているが、その背景や機能に関する補足説明が一切ないため、読者は自文化には直接的な等価物がない固有の概念として差異を認識するに留まり、深い理解には至らないため。
266,塔婆,依撒伯拉何々 の墓だの、 神僕 ロギンの墓だのという 傍 に、 一切衆生悉有仏生 と書いた 塔婆 などが建ててあった。全権公使何々というのもあった。,"Beside the tomb-stones which bore the words a certain so-and-so Isabella's restingplace, or the god's servant Rogin's long home, a stupa stood, on which was written, ""All living things possess the quality of Buddha,"" and I noticed the grave of an ambassador plenipotentiary So-and-so.",,a stupa,Established equivalent,原文「塔婆」を、英語圏で仏教の特定の構造物を指す言葉として確立している「stupa」という等価語で訳しているため。,True,Acceptance,「塔婆」を「a stupa」と訳すことで、日本に関する知識が皆無の読者も、それが一般的な墓石とは異なる仏教的な要素を持つものであるという「差異」を認識できるが、具体的な形状や機能に関する補足説明がないため、それ以上の深い理解や共感には至らないため。
269,墓標,先生はこれらの墓標が現わす人種々の様式に対して、私ほどに滑稽もアイロニーも認めてないらしかった。,"Unlike me, the sensei did not seem to see humour or irony in the way those who had been left behind expressed their grief on those stones.",,stones,Generalization,原文の「墓標」を「stones」と訳しており、特定の機能を持つ「墓標」を、より一般的・中立的な「石」に一般化しているため。,True,Minimization,「墓標」が持つ日本固有の文化的要素が「stones」という普遍的な概念に置き換えられており、読者はその固有性を意識せず、自文化の類似概念や普遍的な「石」として処理するため。
274,銀杏,墓地の区切り目に、大きな銀杏が一本空を隠すように立っていた。,"On the border of the walk stood a huge gingko- tree, so tall that it seemed to be hiding the sky.",,gingko- tree,Literal translation,「銀杏」を「gingko- tree」と訳しており、これは英語圏で「イチョウの木」を指す確立された表現であるため。,True,Acceptance,「銀杏」が「gingko- tree」と音写された固有名詞と普遍名詞の組み合わせで提示されており、読者は「gingko」という部分から自文化にはない特定の種類の木であるという差異を認識できるが、その具体的な特性や文化的な背景に関する補足説明がないため。
276,黄葉,この木がすっかり黄葉して、ここいらの地面は金色の落葉で埋まるようになります,"The leaves turn entirely yellow, and the ground hereabout will be covered with the golden fallen leaves.",,turn entirely yellow,Description,原文「黄葉」という言葉を使わず、その現象・状態を「turn entirely yellow」と説明に置き換えているため。,True,Minimization,「黄葉」が日本の秋の特定の美的要素や文化的文脈を持つ言葉であるにも関わらず、「turn entirely yellow」という普遍的な自然現象の記述に置き換えられているため、読者は自国にもある一般的な「葉が黄色くなる現象」と同じものと理解し、日本固有の概念としての差異を認識できない状態にあるため。
279,鍬,向うの方で凸凹の地面をならして新墓地を作っている男が、鍬の手を休めて私たちを見ていた。,"The man, who was digging the uneven ground to make a new resting-place, stopped his work, and stood looking at us.",,stopped his work,Reduction,原文の「鍬」という具体的な文化的要素が訳文に存在せず、「stopped his work」と一般的な動作に情報が省略されているため。,True,Denial,「鍬」という具体的な道具を示す文化的要素が英訳では「work」という抽象的な概念に置き換えられており、読者はその要素の存在自体を認知できないため。
310,小春,私の心は五分と 経たないうちに平素の弾力を回復した。私はそれぎり暗そうなこの雲の影を忘れてしまった。ゆくりなくまたそれを思い出させられたのは、小春の尽きるに間のない或る晩の事であった。,"My heart recovered its usual elasticity in about five minutes, and after that that shadow never affected me till one evening at the end of the Indian Summer when it again oppressed me.",,Indian Summer,Established equivalent,原文の文化的要素である「小春」を、英語圏で慣用的に使われる等価語である「Indian Summer」で表現しているため。,True,Minimization,「小春」を自文化圏に存在する既知の概念である「Indian Summer」に置き換えており、読者は日本の「小春」が持つ固有の文化的・季節的ニュアンスを認識せず、自国の現象と同じものとして処理するため。
312,銀杏,先生と話していた私は、ふと先生がわざわざ注意してくれた銀杏の大樹を眼の前に想い浮かべた。,"As I talked with the sensei, there came to my mind the image of the huge gingko-tree to which he had specially attracted my attention.",,gingko-tree,Literal translation,原文「銀杏」が、英語圏で樹木名として定着している等価語「gingko」に対応し、さらに「大樹」の「樹」が補足されているため。**,True,Minimization,「gingko-tree」は英語圏において広く認識されている樹木の一種であり、読者はそれを自文化（あるいは世界共通の自然）の既知の概念としての「木」に置き換えて理解するため、「銀杏」が日本文化において持つ固有の象徴性や意味を認識できない状態にあるため。
317,銀杏,「先生雑司ヶ谷の銀杏はもう散ってしまったでしょうか」,"""Do you think the leaves have fallen from the gingko-tree in Zoshigaya yet?""",,gingko-tree,Literal translation,原文「銀杏」を英語圏で定着している訳語「gingko-tree」で対応させているため。,True,Acceptance,「gingko」という固有の名称を残し「tree」とすることで、読者は自文化にはない特定の種類の木であるという「差異」を認識できる一方、詳細な補足説明がないため文化的な背景まで理解するには至らないため。
318,空坊主,「まだ空坊主にはならないでしょう」,"""Perhaps it is not entirely bare yet.""",,entirely bare,Modulation,[比喩 → 意味]「坊主（比喩）」から「裸/何もない（意味/状態）」へ。比喩表現をその意味内容（Sense）に変換するのは、認識のカテゴリーを変えるModulation（変調）であるため。,True,Minimization,「空坊主」が持つ日本の仏教文化に由来する比喩的意味合い（坊主頭のイメージや、そこから転じた「何もない」状態のユニークな表現）が、「entirely bare」という普遍的な「完全に裸の／何もない」という状態を表す言葉に置き換えられており、読者はその固有性を意識せず自文化の既知の概念として処理するため。
320,お墓参り,今度お墓参りにいらっしゃる時にお伴をしても宜ござんすか。,May I go with you when you visit the grave ?,,visit the grave,Literal translation,「お墓（the grave）」へ「参る（visit）」という標準的な直訳です。Modulation（視点変更）の要素（例：「死者に会いに行く」など）もない。,True,Minimization,「お墓参り」が持つ日本文化固有の儀式性や頻度、家族の絆といった意味合いが、普遍的な行為である「visit the grave」に置き換えられており、読者は自文化の一般的な墓への訪問と同一視し、その固有性を認識できないため。
331,雑司ヶ谷,私は忽ち雑司ヶ谷で「先生」と呼び掛けた時の記憶を強く思い起した。,All of a sudden the strong memory of Zoshigaya as I called to the sensei came to me.,,Zoshigaya,Borrowing,原文「雑司ヶ谷」を「Zoshigaya」と音写し、補足説明を加えていないため。,True,Acceptance,「雑司ヶ谷」が「Zoshigaya」と音写でそのまま提示されており、安易な置き換えを避けているため。読者はその場所が具体的にどのような場所であるかを知ることはできないものの、「日本の固有の地名である」という差異を認識し、受け入れる状態にあるため。
351,座敷,先生と同郷の学生などには時たま座敷で同座する場合もあったが、彼らのいずれもは皆な私ほど先生に親しみをもっていないように見受けられた。,"Once in a while I fell in with some students of his own province, but none of them seemed as friendly with him as I was.",,fell in with,Reduction,原文「座敷」という場所に関する情報が、動詞「同座する」の訳「fell in with」において完全に省略されているため。,True,Denial,「座敷」という日本家屋の具体的な空間を示す文化的要素が英訳では完全に削除されており、読者はその存在自体を認知できないため。
377,食卓,私は依然として先生に会いに行った。その 内 いつの間にか先生の食卓で 飯 を食うようになった。,"I continued to go to see him, and finally I was sometimes invited to take supper with him, which gave me more opportunities of conversing with his wife.",,take supper with him,Modulation,"[モノ → 行為]食卓（場所/モノ）」を「夕食をとる（行為）」に変換しています。場所から行為への視点変更（Part for Whole, or Object for Action）であるため。",True,Minimization,「食卓で飯を食う」という、日本の家庭における親密さや関係性の深まりを象徴する「場」の概念が、英訳では「take supper with him」という普遍的な「行為」に置換されており、読者は日本の「食卓」の固有の文化的意味合いを意識せず、自文化の一般的な「夕食を共にすること」として処理するため。
393,盃,奥さんは綺麗な眉を寄せて、私の半分ばかり注いで上げた盃を、唇の先へ持って行った。,"Drawing her well-shaped eye-brows together, she held to her lips the cup which I had half filled with saké.",saké: A kind of wine made from rice.,the cup,Generalization,原文「盃」が特定の酒器であるのに対し、訳文「the cup」は一般的な飲み物の容器であり、より一般的・中立的な用語に一般化しているため。,True,Acceptance,「盃」を一般的な「the cup」と訳しているものの、「saké」という日本固有の飲み物と結びつけられており、その「saké」には注釈が付いているため、読者は「一般的なカップとは異なる、特定の飲み物を飲むための容器」として、その差異を認識するに留まるため。
412,天罰,奥さんは黙っていた。「なぜです」と私が代りに聞いた時先生は「天罰だからさ」といって高く笑った。,"His wife was silent. But I asked him to explain what he meant. ""It's our nemesis,""he said, laughing aloud.",,nemesis,Modulation,[概念の変更]原文の「天罰」が持つ「天からの罰」という視点から、訳文の「nemesis」が持つ「避けられない報い」という視点に、認知的カテゴリーが変更されているため。,True,Minimization,「天罰」が持つ「天」という超越的・神聖な主体からの罰という固有のニュアンスが、「nemesis」という自文化の既知の概念に置き換えられることで希薄になり、読者はその固有性を意識せず自国の「報い」や「宿敵」といった普遍的な概念として処理してしまうため。
424,箱根,私は箱根から貰った絵端書をまだ持っている。,I still have the picture postcard which he sent to me from Hakone.,,Hakone,Borrowing,原文「箱根」を「Hakone」と音写（ローマ字化）し、訳文にも注釈にも補足説明がないため。,True,Acceptance,「Hakone」をそのまま音写しており、具体的な説明がないため読者はその場所の性質や重要性を理解できないものの、「自文化にはない、日本の特定の場所の名前」という差異を認識できるため。
424,端書,私は箱根から貰った絵端書をまだ持っている。,I still have the picture postcard which he sent to me from Hakone.,,postcard,Literal translation,「端書」＝「Postcard」は辞書的な等価語。,True,Minimization,「端書（絵端書）」が「picture postcard」という、読者自身の文化で広く知られている完全に等価な概念に置き換えられており、日本の「端書」に固有の文化的な背景や差異を認識することなく、自国の絵はがきと同じものとして処理するため。
425,日光,日光へ行った時は紅葉の葉を一枚封じ込めた郵便も貰った。,"When he went to Nikko, I got a letter from him which contained a maple leaf.",,Nikko,Borrowing,原文「日光」を「Nikko」と音写し、補足説明を加えていないため。,True,Acceptance,「Nikko」は日本語の固有名詞を音写したものであり、読者はそれが自文化とは異なる特定の場所の名前であると認識できるが、その場所の歴史的・文化的背景や重要性についての補足説明が一切ないため、差異の認識に留まる状態であるため。
425,紅葉(もみじ）,日光へ行った時は紅葉の葉を一枚封じ込めた郵便も貰った。,"When he went to Nikko, I got a letter from him which contained a maple leaf.",,a maple leaf,Literal translation,原文「紅葉の葉」を、英語圏で慣用的に紅葉したカエデの葉を指す等価語「a maple leaf」で対応させているため。,True,Minimization,「紅葉の葉」という日本文化固有の美意識や秋の風物詩としての意味合いを持つ要素が、単に植物学的な「a maple leaf」（カエデの葉）に置き換えられており、読者はその固有性を意識せず自文化の一般的なカエデの葉と同じものとして処理するため。
429,格子,先生の宅は玄関の次がすぐ座敷になっているので、格子の前に立っていた私の耳にその言逆いの調子だけはほぼ分った。,"As the drawing-room in his house was next to the entrance-hall, my ears could catch the voices clearly enough to detect their sharpness, though I stood outside of the entrance-door.",,outside of the entrance-door,Reduction,原文「格子」という建築要素が英訳では訳出されず、「outside of the entrance-door」という位置情報で処理されているため。,True,Denial,原文にあった文化的要素である「格子」が英訳では完全に削除され、「outside of the entrance-door」という場所の説明に置き換わっているため、読者はその要素の存在自体を認知できない。
437,袴,私は帰ったなりまだ袴を着けていた。私はそれなり表へ出た。,"I still wore my hakama, so I went out at once.",hakama: A kind of kilt worn by students.,hakama,Amplification,原文「袴」を「hakama」と借用し、注釈で「A kind of kilt worn by students.」と詳細な説明（増幅）を加えているため。,True,Acceptance,音写である「hakama」と、短いながらも「A kind of kilt worn by students.」という注釈が組み合わされており、読者は「kilt」とは異なる「固有の概念」としてその存在を認識し、自文化との差異を受け入れようとするため。
438,表へ出た,私は帰ったなりまだ袴を着けていた。私はそれなりすぐ表へ出た。,"I still wore my hakama, so I went out at once.",hakama: A kind of kilt worn by students.,went out,Literal translation,原文「表へ出た」を「外に出る」という意味の「went out」と直訳しており、形式・機能・意味が一致しているため。,True,Minimization,「表へ出た」という日本語が持つ「家屋の中から外へ、人前に出る」という特定の空間意識や社会的なニュアンスが、「went out」という自文化の普遍的な「外出」概念に完全に置換されており、読者はその行動の背後にある日本文化固有の差異を認識できないため。
443,魚の骨が喉に刺さった時のように,肴の骨が咽喉に刺さった時のように、私は苦しんだ。,It tortured me like a fish-bone stuck in my throat.,,like a fish-bone stuck in my throat,Literal translation,英語として極めて自然的で、慣用的な表現。「魚の骨(fish-bone)」が「喉に刺さる(stuck in my throat)」という表現は、英語圏でもそのまま通じる。形式・意味・機能が一致する言葉を並べているため。,True,Minimization,「魚の骨が喉に刺さる」という状況が引き起こす苦痛の比喩は多くの文化圏で普遍的に理解・共感され、読者はこの表現を日本文化固有のものとは認識せず、自文化にも存在する普遍的な経験や概念として処理するため。
462,心丈夫,「そういうと、夫の方はいかにも心丈夫のようで少し滑稽だが。,It hardly seems right for me to speak like this.,,なし,Reduction,「心丈夫」という夫の心理状態を表す情報が英訳文「It hardly seems right for me to speak like this.」に直接的に対応する形で含まれておらず、完全に省略されているため。,True,Denial,原文の「心丈夫」という夫の感情や状態を表す要素が英訳では完全に削除され、主語も内容も異なる別の文に置き換わっているため、読者はこの文化的要素の存在自体を認知できない。
489,横浜,先生はその日横浜を出帆する汽船に乗って外国へ行くべき友人を新橋へ送りに行って留守であった。,The sensei had gone out to Shinbashi to see a friend off who was going abroad by the steamer which was to leave Yokohama that day.,,Yokohama,Borrowing,原文「横浜」を「Yokohama」と音写（ローマ字化）し、補足説明を加えていないため。,True,Acceptance,「Yokohama」は補足説明なく固有名詞として音写されており、読者は「日本の固有の地名」として自文化との差異を認識できるものの、その地名が持つ歴史的・文化的背景までは理解できないため。
489,新橋,先生はその日横浜を出帆する汽船に乗って外国へ行くべき友人を新橋へ送りに行って留守であった。,The sensei had gone out to Shinbashi to see a friend off who was going abroad by the steamer which was to leave Yokohama that day.,,Shinbashi,Borrowing,原文「新橋」を「Shinbashi」と音写し、英訳・注釈のいずれにも補足説明を加えていないため。,True,Acceptance,補足なく音写で「Shinbashi」と提示しており、読者はそれが日本固有の地名（固有名詞）であることを認識するものの、その場所の具体的な意味や背景についての説明がないため、差異を認識するに留まるため。
494,座敷,それで私は座敷へ上がって、先生を待つ間、奥さんと話をした。,So I had a talk with his wife while I waited in his drawing-room.,,drawing-room,Adaptation,原文「座敷」が訳文「drawing-room（応接間）」に対応し、畳敷きという具体的な形態の情報が失われ、応接間に置き換わっているため。,True,Minimization,「座敷」が持つ畳の空間や靴を脱いで上がるという日本固有の文化的特性が、「drawing-room」という西洋の客間概念に完全に置き換えられており、読者はその違いを認識せず、自文化の既知の概念と同じものとして処理するため。
504,敬意,だから先生の学問や思想については、先生と密切の関係をもっている私より外に敬意を払うもののあるべきはずがなかった。,"I, who had come into close contact with him, seemed to be the only one who had either knowledge of or respect for his learning or his ideas.",,respect,Literal translation,原文「敬意」を、辞書的な意味の通りに「respect」と直訳し、形式・機能・意味が一致しているため。,True,Minimization,「敬意」という日本の文化的要素が、英語圏にも存在する普遍的な概念である「respect」に完全に置き換えられているため、読者は日本文化における「敬意」の固有性や、それが持つ可能性のある微妙なニュアンスを意識することなく、自文化の概念と同等であると認識してしまうため。
507,謙遜,私にはその答えが謙遜過ぎてかえって世間を冷評するようにも聞こえた。,"To me that answer was too modest, until I realized that it showed his cold critical attitude toward the world.",,modest,Literal translation,原文「謙遜」を「modest」と辞書的な意味の通りに直訳しており、形式・機能・意味が一致しているため。,True,Acceptance,「modest」という普遍的な訳語を用いているが、「until I realized that it showed his cold critical attitude toward the world」という文脈により、表面的な謙遜が内包する「冷評」という裏の意図が示唆され、読者は自文化の「modest」とは異なる機能や文脈（差異）を認識できるため。
531,東京,奥さんは東京の人であった。それはかつて先生からも奥さん自身からも聞いて知っていた。,I heard from both the sensei and his wife that she was a native of Tokyo.,,Tokyo,Borrowing,原文「東京」を「Tokyo」と音写し、英訳にも注釈にも補足説明を一切加えていないため。,True,Acceptance,「Tokyo」という固有名詞がそのまま音写されており、補足説明はないものの、読者はそれが自文化にはない「固有の場所の名前」であると認識し、差異を受け入れる段階にあるため。
533,鳥取,奥さんの父親はたしか鳥取かどこかの出であるのに、お母さんの方はまだ江戸といった時分の市ヶ谷で生れた女なので、奥さんは冗談半分そういったのである。,"I had heard her say in a joking manner that to speak exactly she was half Edokko.For her father had come from Tottori, as I remember, while her mother was born in Ichigaya when Tokyo was still called Edo.",,Tottori,Borrowing,原文「鳥取」を「Tottori」と音写し、補足説明を加えていないため。,True,Acceptance,「Tottori」という固有名詞が音写でそのまま提示されており、読者はそれが父親の出身地であることから、自文化にはない日本の固有の地名であるという「差異」を認識できるため。
533,江戸,奥さんの父親はたしか鳥取かどこかの出であるのに、お母さんの方はまだ江戸といった時分の市ヶ谷で生れた女なので、奥さんは冗談半分そういったのである。,"I had heard her say in a joking manner that to speak exactly she was half Edokko.For her father had come from Tottori, as I remember, while her mother was born in Ichigaya when Tokyo was still called Edo.",Edokko: A native of Tokyo.,Edo,Amplification,原文「江戸」を「Edo」と借用しつつ、「when Tokyo was still called Edo」と説明（増幅）を加えているため。,True,Adaptation,「Edo」という固有名詞に対し、「when Tokyo was still called Edo」という説明が加えられており、読者は「Edo」が現在の「Tokyo」の過去の名称であるという文脈的な理解を深めることができ、さらに「Edokko: A native of Tokyo」という注釈が文化的要素に紐づく機能（地元の出身者）を補足しているため。
535,新潟県人,ところが先生は全く方角違いの新潟県人であった。,"But the sensei's home was Niigata, a province far away from either Tottori or Tokyo.",,"Niigata, a province far away from either Tottori or Tokyo",Amplification,"Amplification,原文「新潟県人」を「Niigata」と地名で示し、さらに「a province far away from either Tottori or Tokyo」と原文にない地理的情報（詳細）を増補しているため。",True,Adaptation,「新潟県人」という人物の出身地情報を「Niigata」という地名に加え、「a province far away from either Tottori or Tokyo」と地理的な補足説明を加えることで、原文の「方角違い」という文脈が、読者Aさんにも具体的な距離感として理解できるよう論理的に説明されており、文脈的理解を促しているため。
553,花時分,或る時花時分に私は先生といっしょに上野へ行った。そうしてそこで美しい 一対 の 男女 を見た。,"Once in spring-time I went with him to Ueno, and saw a charming couple walking close together under the cherry-blossoms.",,spring-time,Modulation,[部分 → 全体]「花（部分/象徴）」という概念を「春（全体/季節）」という概念に置き換えているため。,True,Acceptance,「花時分」は日本において特に「桜の咲く季節」という固有の文化的な含意を持つが、対応訳の「spring-time」自体は普遍的な「春」を指すため、これだけでは固有性が消え「最小化」となる。しかし、英訳の後半部分に「under the cherry-blossoms」と具体的に桜が言及されているため、読者はこの「spring-time」が単なる一般的な春ではなく「桜の咲く春」であることを文脈から認識できる。これにより、読者は自国の春とは異なる、日本の「花時分」が持つ桜にまつわる具体的な差異を認識する状態にあるため。
594,鶯溪,先生と私とは博物館の裏から鶯渓の方角に静かな歩調で歩いて行った。,The sensei and I walked slowly along from the back of the Imperial Museum toward Uguisudani.,,Uguisudani,Borrowing,原文「鶯渓」を「Uguisudani」と音写し、補足説明を加えていないため。,True,Acceptance,補足なく音写しており、読者に意味は不明確ながらも「自文化にはない固有の固有名詞（地名）」として差異を認識させているため。
595,垣,垣の隙間から広い庭の一部に茂る熊笹が幽邃に見えた。,"The bamboo clumps covering a part of the garden could be seen through the hedge, looking solitary and mysterious.",,the hedge,Literal translation,辞書的な名詞の対応。,True,Minimization,「垣」を一般的な「the hedge」に置き換えており、読者は日本の「垣」が持つ多様な形態や素材といった固有性を意識せず、自文化の既知の概念として処理するため。
595,幽邃,垣の隙間から広い庭の一部に茂る熊笹が幽邃に見えた。,"The bamboo clumps covering a part of the garden could be seen through the hedge, looking solitary and mysterious.",,solitary and mysterious,Modulation,[単一概念 → 分析的属性]「幽邃（奥深くて静か）」という一語の持つ質感を、「solitary and mysterious(孤独で、かつ神秘的)」と分析的に分解・解釈しており、形容詞を重ねて概念を再構成しているため。,True,Minimization,"「幽邃」が持つ日本文化固有の奥ゆかしさや静謐な美といった美的感覚が、""solitary and mysterious""という一般的な形容詞句に置き換えられており、読者はその固有性を意識せず、自文化の既知の概念として処理してしまうため。"
595,熊笹,垣の隙間から広い庭の一部に茂る熊笹が幽邃に見えた。,"The bamboo clumps covering a part of the garden could be seen through the hedge, looking solitary and mysterious.",,bamboo clumps,Generalization,原文「熊笹」という特定の植物名を「bamboo clumps」というより一般的な「竹の茂み」に一般化しているため。**,True,Minimization,「熊笹」という特定の日本固有の植物が、英訳では一般的な「bamboo clumps」に置き換えられており、その植物としての固有性が失われているため。読者は、この訳語から「熊笹」の具体的な特徴や文化的背景を読み取ることができず、自文化の既知の「竹の群生」と同じものとして処理し、固有性を意識しない状態となるため。
597,雑司ヶ谷,「君は私がなぜ毎月雑司ヶ谷の墓地に埋っている友人の墓へ参るのか知っていますか」,"""Do you know the reason why I visit my friend's grave in Zoshigaya every month?""",,Zoshigaya,Borrowing,原文「雑司ヶ谷」を「Zoshigaya」と音写し、英訳文および注釈にも一切補足説明がないため。,True,Acceptance,補足説明なく音写でそのまま提示されており、読者は「Zoshigaya」が自文化とは異なる固有名詞であるという差異を認識するが、その場所の具体的な意味や文化的背景についての理解には至らないため。
616,お気の毒,「私はお気の毒に思うのです」,"""I am sorry for you.""",,sorry for you,Established equivalent,原文「お気の毒」が、その意味や感情を表す英語圏で定着している表現「sorry for you」で対応されているため。,True,Minimization,「お気の毒」という日本の感情表現が、英語圏の読者にとって普遍的な「I am sorry for you」に置き換えられており、読者はその背後にあるかもしれない文化的固有性や微妙なニュアンスを意識せず、自文化の既知の感情と同じものとして処理するため。
616,気の毒,「気の毒だが信用されないとおっしゃるんですか」,"""Is it true that you cannot trust me, and perhaps hesitate to say so ?""",,hesitate to say so,Modulation,[原因 → 結果]原文の「気の毒だが」という感情を、そこから生じる「そう言うのをためらう（hesitate to say so）」という行動へ視点を変更して訳出しているため。,True,Minimization,「気の毒だが」が持つ他者への深い同情や配慮といった固有の感情的ニュアンスが、「言うことをためらう」という行動の躊躇に置き換えられており、読者はその文化的固有性を認識せず、自文化にも存在する一般的な概念として処理するため。
617,椿の花,その庭に、この間まで重そうな赤い強い色をぽたぽた点じていた椿の花はもう一つも見えなかった。,"The camellias, with their heavy strong red, had been in bloom when I was there before, but they were all gone now.",,camellias,Literal translation,原文「椿の花」を、英語圏で定着している訳語「camellias」で対応させているため。,True,Minimization,「椿の花」を一般的な「camellias」という英名で置き換えており、原文が含んでいた日本文化における椿の散り際や存在感に関する固有の美意識や象徴性といった文化的意味合いが英訳からは伝わらないため、読者はこれを自文化にも存在する（または知っている）普遍的な花の一つとして処理し、その固有性を意識できない状態にある。
618,座敷,先生は座敷からこの椿の花をよく眺める癖があった。,The sensei had a habit of looking at them while he was talking in the drawing-room.,,drawing-room,Adaptation,「Drawing-room」は「客間」全般ではなく、西洋文化特有の「応接間」を指します。日本文化の「座敷」を西洋文化の「Drawing-room」に置き換えているため、GeneralizationではなくAdaptation。,True,Minimization,「座敷」が持つ畳の空間や和の様式といった固有の文化要素が「drawing-room」という自文化の既知の概念に完全に置き換えられており、読者はその違いを認識できず自国と同じものとして処理するため。
618,椿の花,先生は座敷からこの椿の花をよく眺める癖があった。,The sensei had a habit of looking at them while he was talking in the drawing-room.,,them,Generalization,代名詞化は、具体的な名称を避けて一般的な指示語にする処理なので、翻訳技法としては Generalization（一般化） に分類する,True,Denial,原文の「椿の花」という具体的な文化的要素が、英訳では指示代名詞`them`に置き換えられており、その`them`が何を指すのか英訳文単体では全く不明なため、読者はその要素の存在自体を認識できない状態にある。
620,生垣,その時生垣の向うで金魚売りらしい声がした。,"As he spoke, a voice which seemed to be a goldfish vendor's was heard from across the hedge.",,hedge,Literal translation,辞書的な名詞の対応,True,Minimization,「生垣」を英語圏で一般的な概念である「hedge」に置き換えており、読者はその文化的要素の固有性を意識せず、自文化の既知の概念と同じものとして処理するため。
620,金魚売り,その時生垣の向うで金魚売りらしい声がした。,"As he spoke, a voice which seemed to be a goldfish vendor's was heard from across the hedge.",,goldfish vendor,Literal translation,「Goldfish（金魚）」＋「Vendor（売り）」の直訳。,True,Minimization,「金魚売り」は日本において夏の風物詩としての特定の文化的文脈や移動販売の形態といった固有性を持つが、英訳の「goldfish vendor」は「金魚を売る人」という字義的な普遍概念に留まり、その固有性が消えているため、読者は自文化の物売りと同一視し、固有性を意識しない状態に置かれる。
624,針仕事,黙って針仕事か何かしている奥さんの耳に私の話し声が聞こえるという事も知っていた。,"I knew that my words could be plainly heard by his wife, sitting in the next room, busy with needle-work or some other feminine task.",,needle-work or some other feminine task,Amplification,原文「針仕事」を「needle-work」と訳した上で、さらに「or some other feminine task」という補足的な詳細（説明）を加えているため。,True,Minimization,「針仕事」が「needle-work」という自文化で既知の概念に置き換えられ、さらに「or some other feminine task」と補足されることで、日本固有の文化的な文脈（例えば、当時の女性の役割や静謐さなど）が失われ、読者は自国の一般的な女性の家事労働と同化して処理し、固有性を意識しないため。
632,襖の陰で,すると襖の陰で「あなた」という奥さんの声が二度聞こえた。,But just then we heard his wife calling him twice behind the sliding-doors.,,behind the sliding-doors,Generalization,原文「襖」を、より一般的な引き戸全般を指す「sliding-doors」に一般化しているため。,True,Minimization,「襖」を「sliding-doors」と訳すことで、読者はこれを自文化にも存在する一般的な「滑る扉」として認識し、「襖」が持つ和紙や木でできた独特の質感や文化的な意味合いといった固有性が伝わらず、自文化の既知の概念に同化されてしまうため。
676,秋,その頃は日の詰って行くせわしない秋に、誰も注意を惹かれる肌寒の季節であった。,"It was late autumn, and in these chilly days, no one could be indifferent to the atomosphere of bustle which attended the shortening day.",,autumn,Literal translation,「秋」を「autumn」と辞書的な意味の通りに直訳し、形式・機能・意味が一致しているため。,True,Adaptation,「autumn」という一般的な季節名を用いつつも、「late autumn」「chilly days」「shortening day」「atomosphere of bustle」という具体的な形容や文脈描写を加えることで、原文の「日の詰って行くせわしない秋」「肌寒の季節」という秋の具体的な情景や雰囲気を詳細に説明しており、読者がその機能や文脈を理解し、共感できる状態に橋渡ししているため。
676,肌寒い,その頃は日の詰って行くせわしない秋に、誰も注意を惹かれる肌寒の季節であった。,"It was late autumn, and in these chilly days, no one could be indifferent to the atomosphere of bustle which attended the shortening day.",,chilly,Literal translation,原文「肌寒い」を、形式・機能・意味が一致する「chilly」と辞書的な意味の通りに直訳しているため。,True,Minimization,「肌寒い」という日本語が持つ可能性のある繊細な季節感や情緒的な固有性が、「chilly」というより普遍的で直接的な「少し寒い」という概念に置き換えられており、読者はその固有性を認識できず、自文化の同等の感覚として処理するため。
693,煙草を飲む,私は 畏まったまま 烟草 を飲んでいた。奥さんが茶の間で何か 下女 に話している声が聞こえた。,"I remained in a formal attitude, smoking, and could hear the sensei's wife talking to the maid in the sitting-room.",,smoking,Established equivalent,原文「煙草を飲む」を、英語圏で喫煙行為を指す確立された表現「smoking」で訳しているため。,True,Minimization,「煙草を飲む」という行為が一般的な「smoking」に置き換えられており、読者はその行為に日本の文化的な固有性を意識せず、自国の普遍的な行為と同一のものとして処理するため。
694,茶の間,私は 畏まったまま 烟草 を飲んでいた奥さんが茶の間で何か下女に話している声が聞こえた。,"I remained in a formal attitude, smoking, and could hear the sensei's wife talking to the maid in the sitting-room.",,sitting-room,Adaptation,日本固有の家族団欒スペース（茶の間）を、英国文化等の「Sitting-room（居間）」に置き換えているため。,True,Minimization,「茶の間」を「sitting-room」という自文化の既知の概念に完全に置換しており、読者は「茶の間」が持つ日本固有の空間様式や機能（畳敷き、座って生活する、多目的性など）の差異を認識できず、自国の居間と同じものとして処理するため。
694,下女,私は 畏まったまま 烟草 を飲んでいた。奥さんが茶の間で何か 下女 に話している声が聞こえた。,"I remained in a formal attitude, smoking, and could hear the sensei's wife talking to the maid in the sitting-room.",,maid,Literal translation,原文「下女」を「maid」と辞書的な意味の通りに直訳し、形式・機能・意味が一致しているため。,True,Minimization,「下女」を一般的な「maid」に置き換えることで、読者は日本の文脈における「下女」が持つ身分制度や社会的な立ち位置といった固有のニュアンスを認識できず、自文化にも存在する「家事使用人」という普遍的な概念として処理するため。
700,鹿爪らしく,「おや」といって、軽く驚いた時の眼を私に向けた。そうして客に来た人のように鹿爪らしく控えている私をおかしそうに見た。,"”Why,” she said, looking in, half surprised at me sitting formally like a guest. It seemed to appear ridiculous to her.",,sitting formally,Generalization,原文「鹿爪らしく」が持つ「堅苦しく真面目ぶっている」という特定の含意を、英訳「sitting formally」はより中立的・一般的な「形式ばって座っている」という表現に一般化しているため。,True,Adaptation,「鹿爪らしく」を「sitting formally」と訳しつつ、「like a guest」という比喩でその行動の文脈と日本的な控えめさのニュアンスを説明している。さらに、「It seemed to appear ridiculous to her」という他者の反応を示すことで、その行動がどのような意味を持ち、どう受け取られたかを具体的に示し、読者がその状況を論理的・感情的に理解できるよう橋渡しをしているため。
709,長火鉢,私は奥さんの 後 に 尾 いて書斎を出た。茶の間には綺麗な長火鉢に鉄瓶が鳴っていた。,"I followed her to the sitting-room, where an iron tea-kettle was singing pleasantly on a beautifully polished oblong brazier.",,oblong brazier,Literal translation,原文「長火鉢」を、その形態「oblong」と種類「brazier」で説明しているため。,True,Minimization,「長火鉢」を「oblong brazier」と訳すことで、長方形という形状の一部は伝わるものの、日本家屋における役割や機能といった固有性が薄まり、読者は自文化にある類似の火鉢や加熱器具の範疇として、その本質的な違いを意識せず普遍的な概念として処理するため。
709,鉄瓶,私は奥さんの 後 に 尾 いて書斎を出た。茶の間には綺麗な長火鉢に鉄瓶が鳴っていた。,"I followed her to the sitting-room, where an iron tea-kettle was singing pleasantly on a beautifully polished oblong brazier.",,iron tea-kettle,Literal translation,原文「鉄瓶」を「iron tea-kettle」と訳しており、その言葉の辞書的な意味を直訳し、形式・機能・意味が一致しているため。,True,Minimization,「鉄瓶」を「iron tea-kettle」と訳すことで、材質と用途という普遍的な情報に還元され、日本の「鉄瓶」が持つ伝統工芸品としての固有性や文化的な背景が失われ、読者は自文化の既知の概念（鉄製のやかん）と同一視するため。
724,空の盃,空の盃でよくああ飽きずに献酬ができると思いますわ,I wonder why they don’t get tired offering and taking quite empty cups.,,empty cups,Literal translation,原文「空の盃」を「empty cups」と、各語が辞書的な意味通りに直訳され、形式・機能・意味が一致しているため。,True,Minimization,「空の盃で献酬をする」という行為が持つ文化的な意味合いや固有の習慣が英訳では説明されておらず、読者はその行為を単なる物理的なコップのやり取りとして、自文化の既知の概念や普遍的な行為と誤って処理し、固有性を意識できないため。
724,献酬,空の盃でよくああ飽きずに献酬ができると思いますわ,I wonder why they don’t get tired offering and taking quite empty cups.,,offering and taking,Description,「献酬」という用語を、その行為の機能である「offering and taking」という動作の組み合わせで説明しているため。,True,Minimization,「献酬」が「offering and taking」と訳されることで、日本の酒席における特定の儀礼や親睦を深める文化的な意味合いが失われ、読者はそれを単なる一般的な「物のやりとり」という普遍的な行為として処理し、固有性を意識しないため。
773,春の雲,けれどもそれは懐かしい春の雲を眺めるような心持で、ただ漠然と夢みていたに過ぎなかった。,"But it was like the feeling which takes possession of us when we look upon the lovely clouds of spring, a mere indefinite longing.",,clouds of spring,Literal translation,「AのB」を「B of A」とするのは英語の標準的な文法規則であり、特別な構造の借用ではありません。「Clouds of spring」は詩的ですが一般的な英語表現の範疇であるため。,True,Minimization,「春の雲」という物理現象は普遍的だが、それに付随する「懐かしさ」や「漠然とした夢見心地」といった日本文化特有の繊細な感情が、「lovely clouds of spring」と「a mere indefinite longing」という普遍的な美意識と感情に置き換えられており、読者はその文化的固有性を意識せず自国の経験と同一視して処理するため。
792,下女部屋,下女部屋 にいる下女はことりとも音をさせなかった。私はまるで泥棒の事を忘れてしまった。,"No sound was heard from the maid in the servant's room, and the thought of the thief had disappeared entirely from my mind.",,servant's room,Generalization,原文の「下女（Gejo）」は「女性の家事使用人（Maid）」という性別と役割が特定された言葉。訳文の「Servant」は「使用人全般」を指す言葉であり、性別や具体的な役割（掃除、料理など）が捨象されているため。,True,Minimization,「下女部屋」を一般的な「servant's room」に置き換えており、読者はその背後にある日本の文化・社会的な固有性や文脈を意識せず、自国の召使いの部屋と同じものとして処理するため。
798,水注,奥さんは火鉢の灰を 搔 き 馴らした。それから水注の水を鉄瓶に注した。鉄瓶は忽ち鳴りを沈めた。,"She levelled the ashes in the brazier, and poured water into the iron kettle, which stopped singing at once.",,なし,Reduction,原文の「水注」という水を注ぐ器の情報が、訳文では完全に省略されているため。,True,Denial,文化的要素「水注」が英訳から完全に削除・省略されており、読者はその存在自体を認識できないため。
798,鉄瓶,奥さんは火鉢の灰を 搔 き 馴らした。それから水注の水を鉄瓶に注した。鉄瓶は忽ち鳴りを沈めた。,"She levelled the ashes in the brazier, and poured water into the iron kettle, which stopped singing at once.",,iron kettle,Literal translation,原文「鉄瓶」を「iron kettle」と、各構成要素が辞書的な意味通りに直訳され、形式・機能・意味が一致しているため。,True,Minimization,「鉄瓶」を「iron kettle」（鉄製のやかん）と訳すことで、日本の茶の湯文化や囲炉裏などで使われる固有の機能や美的価値が失われ、読者はこれを自文化にも存在する普遍的な「やかん」の一種として処理し、固有性を認識しないため。
858,下女,下女だけは仮寝でもしていたとみえて、ついに出て来なかった。,"The maid did not appear, she must have been dozing in her room.",,maid,Literal translation,「下女」＝「Maid」は、辞書的にも機能的にも範囲がほぼ完全に一致しているため。,True,Minimization,「下女」という日本の特定の歴史的・社会的な文脈を持つ文化的要素が、読者にとって既知の一般的な「maid」という概念に完全に置き換えられており、その固有性（身分や時代のニュアンス）が消えているため。
871,西洋菓子,奥さんはそういいながら、先刻出した西洋菓子の残りを、紙に包んで私の手に持たせ,"So saying, she wrapped up the cakes which I had left, and handed them to me.",,cakes,Particularization,原文の「西洋菓子」という比較的に広い概念を、より具体的な種類の「cakes」に特定しているため。,True,Minimization,「西洋菓子」という原文が持つ「西洋由来の菓子」という固有の文脈や差異が、訳文では一般的な「cakes」という自文化にも存在する概念に完全に置き換えられているため、読者はその固有性を意識せず自国のケーキと同じものとして処理してしまうため。
879,鳶色,私はその翌日午飯を食いに学校から帰ってきて、昨夜机の上に載せて置いた菓子の包みを見ると、すぐその中からチョコレートを塗った鳶色のカステラを出して頰張った。,"At noon on the next day, when I returned from school to take lunch, and looked at the package of cakes on my desk, I at once attacked one decorated with chocolate.",,なし,Reduction,原文の「鳶色」という色情報が、訳文の「one decorated with chocolate」では完全に省略されているため。,True,Denial,原文にあった「鳶色」という色彩情報が訳文では完全に削除されており、読者はその要素の存在自体を認知できないため。
885,繻絆,それまで繻絆というものを着た事のない私が、シャツの上に黒い襟のかかったものを重ねるようになったのはこの時からであった。,"It was after that that I, who had never worn juban 1 before, began to wear one with a black collar over my shirt.",juban: A kind of underwear for Japanese kimono.,juban,Amplification,原文「繻絆」を「juban」と借用しつつ、注釈で「A kind of underwear for Japanese kimono.」と説明（増幅）を加えているため。,True,Adaptation,音写された「juban」に加えて、英訳本文中で「シャツの上に黒い襟のかかったもの」としてその特徴と着用方法が説明され、さらに注釈で「日本の着物用下着の一種」という機能と文脈が具体的に示されているため、読者はその文化要素が日本でどのように機能するかを具体的に理解できる状態にあると判断できるため。
914,五徳,先生はこの日あたりの好い室の中へ大きな火鉢を置いて、五徳の上に懸けた金盥から立ち上る湯気で、呼吸の苦しくなるのを防いでいた。,"There was a huge brazier in this sun-lit room, and with the help of the steam from the basin boiling on it, the sensei was trying to ease his breathing.",,on it,Reduction,原文の「五徳」という要素が訳文では省略され、金盥が「火鉢の上に（on it）」置かれるという表現に情報が還元されたため。,True,Minimization,「五徳」という特定の文化的要素（火鉢の上に鍋などを置くための器具）が、英訳では単に「on it」（火鉢の上に）という普遍的な位置関係を示す表現に置き換えられており、その固有の機能や形状といった差異が完全に消滅し、読者は自文化の既知の概念（普遍的な台座や置き場所）と同一視してしまうため。
914,金盥,先生はこの日あたりの好い室の中へ大きな火鉢を置いて、五徳の上に懸けた金盥から立ち上る湯気で、呼吸の苦しくなるのを防いでいた。,"There was a huge brazier in this sun-lit room, and with the help of the steam from the basin boiling on it, the sensei was trying to ease his breathing.",,basin,Generalization,原文の「金盥」は金属製という具体的な素材を含むが、訳文の「basin」は素材を特定しない一般的な用語に一般化されているため。,True,Minimization,「金盥」が「basin」と訳されており、金属製であるという材質や、盥という特定の形状の固有性が失われているため、読者は自文化の汎用的な容器と同一視し、その文化的固有性を認識できない状態にある。
926,茶箪笥,それを奥の茶簞笥か何かの抽出から出して来た奥さんは、白い半紙の上へ鄭寧に重ねて、「そりゃご心配ですね」といった。,"When she took the bank-notes out of a drawer of some cabinet in the back-room, she put them in a while paper in a neat pile and said, ”O I am very sorry. You must be anxious about your father.”",,cabinet,Generalization,原文の「茶箪笥」が、特定の用途を示す「茶」の情報が失われ、より一般的で中立的な「cabinet」という収納家具に一般化されているため。,True,Minimization,英訳の「cabinet」は、原文の「茶簞笥」が持つ茶道具収納という特定の機能や和の文化的固有性を完全に削除し、一般的な収納棚という自文化の既知の概念に置き換えているため、読者はその固有性を意識せず「私の国と同じだ」と誤って処理するため。
936,胡座,それでも着いた時は、床の上に胡坐をかいて,"When I reached home, however, he sat cross-legged on his bed,",,cross-legged,Description,原文の「胡座」という座り方の用語を使わず、その形態（脚を交差させる）を説明する「cross-legged」という表現に置き換えているため。,True,Minimization,「胡座」という日本固有の座り方（床座文化を背景に持つ）が、英語圏にも存在する一般的な「cross-legged」に置き換えられているため、読者はその文化的固有性を認識せず、自文化の既知の概念として処理してしまうため。
940,不承無性,母は不承無性に太織りの蒲団を畳みながら「お父さんはお前が帰って来たので、急に気が強くおなりなんだよ」といった。,"As she reludrantly folded the heavy quilts, my mother said, “ Your father has become much brighter since you came back.”",,reluctantly,Literal translation,辞書にある副詞の直接的な対応語,True,Minimization,「不承無性」という日本語の表現が持つ固有のニュアンスや言葉自体の文化的な響きが、普遍的な英語の副詞「reluctantly」に置き換えられており、読者はその違いを意識することなく、自文化の既知の概念として処理するため。
943,九州,私の兄はある職を帯びて遠い九州にいた。,"My elder brother’s profession took him to faraway Kyushu,",,Kyushu,Borrowing,原文「九州」を「Kyushu」と音写し、英訳にも注釈にも補足説明を加えていないため。,True,Acceptance,音写で「Kyushu」と固有名詞がそのまま提示されており、補足説明は「faraway（遠い）」という地理的距離を示すものに留まっているため、読者は「Kyushu」が自文化にはない固有の地名であり、遠くにある場所であると認識するものの、その具体的な意味や文化的な背景までは理解できない状態にあるため。
957,正月,私は先生に手紙を書いて恩借の礼を述べた。正月上京する時に持参するからそれまで待ってくれるようにと断わった。,"I wrote to the sensei, and thanked him for his kindness in lending me the money, and told him that would bring it back when I returned to Tokyo in January.",,January,Generalization,「正月（文化的行事・期間）」を「1月（暦上の月）」に置き換えている。行事名から、それを含む期間へのGeneralization（一般化）と捉えるのが妥当,True,Minimization,「正月」が日本において単なる暦上の1月ではなく、特別な文化的意味合いを持つ祝祭期間であるという固有性が、英訳では一般的な月名「January」に置き換えられているため、読者はその文化的な違いを認識できず、自文化の「1月」と同じものとして処理してしまうため。
957,上京,私は先生に手紙を書いて恩借の礼を述べた。正月上京する時に持参するからそれまで待ってくれるようにと断わった。,"I wrote to the sensei, and thanked him for his kindness in lending me the money, and told him that would bring it back when I returned to Tokyo in January.",,returned to Tokyo,Modulation,[視点の反転]「上京（都へ行く）」に対し、「Returned（戻る）」という視点変更を含んでいるため。,True,Minimization,「上京」が持つ、地方から首都へ（特定の目的を持って）移動するという文化的・社会的な固有のニュアンスが「returned to Tokyo」という一般的な表現に置き換えられており、読者はその固有性を意識せず自文化の一般的な移動と同じものとして処理するため。
963,東京,「こんど東京へ行くときには椎茸でも持って行ってお上げ」,”You had better take some dried mushrooms as a present to him when you go to Tokyo next time.”,,Tokyo,Borrowing,原文「東京」を「Tokyo」と音写し、補足説明を加えていないため。,True,Acceptance,「Tokyo」は固有名詞としてそのまま音写されており、安易な置き換えを避け、補足説明もほぼないため、読者はそれが自文化にはない固有の地名であるという差異を認識できる状態にある。
963,椎茸,「こんど東京へ行くときには椎茸でも持って行ってお上げ」,”You had better take some dried mushrooms as a present to him when you go to Tokyo next time.”,,dried mushrooms,Generalization,原文「椎茸」という特定のキノコを、英訳「mushrooms」というより一般的なキノコの総称に一般化しているため。,True,Minimization,「椎茸」が「dried mushrooms」という一般的な概念に置き換えられており、日本特有のキノコであるという固有性や、それが贈答品として持つ特定の文化的意味合いが失われ、読者は自文化にある一般的な乾燥キノコと同じものとして処理するため。
978,将棋盤,私は退屈な父の相手としてよく将碁盤に向かった。,"In order to amuse my father, I often sat with him at Japanese chess.",,Japanese chess,Established equivalent,将棋はJapaneseEquivalentで浸透しているため。,True,Minimization,「将棋盤」という固有の文化要素が「Japanese chess」という自文化（西洋文化圏）の既知の概念に「Japanese」という限定を付けて置き換えられているため、読者は将棋の持つ具体的なルール、盤面の構成、駒の種類といった固有の差異を認識しにくく、自国のチェスと本質的に同じものと誤って処理してしまう可能性が高いため。
979,炬燵,二人とも無精な性質なので、炬燵にあたったまま、盤を櫓の上へ載せて、駒を動かすたびに、わざわざ手を掛蒲団の下から出すような事をした。,"It was so cold that we had no courage to drag ourselves away from the warm sunken fireplace with its wadded covering, so we placed the chess-board on the quilt and played comfortably.We did not even take our hands out, and as it came to our turn to play, we would take one hand from under the cover, make a move and put it back.",,the warm sunken fireplace with its wadded covering,Description,原文「炬燵」を、その名称を使わず「the warm sunken fireplace with its wadded covering」と形態や機能で説明しているため。,True,Adaptation,「the warm sunken fireplace with its wadded covering」という訳語が炬燵の構造（sunken fireplace）と機能（wadded coveringによる保温）を具体的に説明しており、さらに英訳文全体で炬燵から離れられない快適さや、その上でチェスをするという具体的な行動様式を提示することで、読者が炬燵の機能やそれを取り巻く文脈を論理的・感情的に理解できるため。
979,櫓,二人とも無精な性質なので、炬燵にあたったまま、盤を櫓の上へ載せて、駒を動かすたびに、わざわざ手を掛蒲団の下から出すような事をした。,"It was so cold that we had no courage to drag ourselves away from the warm sunken fireplace with its wadded covering, so we placed the chess-board on the quilt and played comfortably.We did not even take our hands out, and as it came to our turn to play, we would take one hand from under the cover, make a move and put it back.",,quilt,Modulation,[部分 → 別の部分]原文「櫓」という炬燵の台を、炬燵の要素（物理的には「櫓の上に掛布団があり、その上に盤がある状態」）である「quilt」（掛け布団）に置き換えているため。翻訳者は「支えている構造物（櫓）」ではなく「実際に触れている表面（蒲団）」に焦点を移しているため（視点・認知カテゴリーの変更）。,True,Minimization,原文の「櫓」（炬燵の台座や枠組み）が、英訳では「quilt」（掛け布団）に完全に置き換えられており、読者はその文化的要素の固有性（台座という機能や硬さ）を認識できず、自文化にもある普遍的な「掛け布団」として処理するため。
983,火箸,それを母が灰の中から見付け出して、火箸で挟み上げるという滑稽もあった。,"It was my mother who usually found them in the ashes, and picked them out with the tongs, which was quite a ridiculous sight.",,the tongs,Generalization,原文「火箸」が持つ特定の用途（火を扱う）の情報を省き、より一般的な挟む道具を指す「tongs」に抽象化しているため。,True,Minimization,「火箸」という日本特有の用途や形状を持つ道具を、一般的な「the tongs」という訳語に置き換えており、読者は自文化にも存在する「トング」と同一視し、元の文化的要素が持つ固有性を認識できないため。
984,碁,「碁 だと盤が高過ぎる上に、足が着いているから、炬燵の上では打てないが、そこへ来ると将碁盤は 好いね、こうして楽に差せるから。無精者には持って来いだ。もう一番やろう」,"""We cannot play go on the sunken fireplace, because the board is raised too high on its legs. But we can play chess comfortably here. It is very convenient for us lazy men. Let us play once more.""",go: A kind of indoor game which is a little different from Japanese chess.,go,Amplification,原文「碁」を「go」と音写（借用）し、注釈で「A kind of indoor game which is a little different from Japanese chess.」と補足説明を加えているため。,True,Adaptation,「go」という固有名詞（一般的な英語呼称）に加え、「A kind of indoor game which is a little different from Japanese chess.」という訳注で種類と他のゲームとの差異が示されており、さらに本文中で「the board is raised too high on its legs」と、その盤の具体的な物理的特徴とそれがもたらすプレイ上の制約が説明されているため、読者はその文化的要素の機能と文脈をある程度論理的に理解できる状態にあると判断できる。
991,金,私は金や香車を握った拳を頭の上へ伸ばして、時々思い切ったあくびをした。,I often stretched my arms and even yawned.,,なし,Reduction,原文の「金」を含む「金や香車を握った拳」が英訳で「my arms」と翻訳され、その結果「金」という文化的要素が完全に省略されたため。,True,Denial,原文にある「金」（将棋の駒）という文化的要素が英訳では完全に削除されており、読者はその要素の存在自体や、それが示唆する将棋という文脈を認知できないため。
991,香車,私は金や香車を握った拳を頭の上へ伸ばして、時々思い切ったあくびをした。,I often stretched my arms and even yawned.,,my arms,Reduction,原文の「香車」という具体的な文化的要素が、英訳において完全に省略されているため。「将棋の駒（具体的名称）」が消え、身体部位（腕）の動作のみになっている。,True,Denial,原文の「香車」という日本の将棋の駒を表す具体的な文化的要素が、英訳では一般的な身体部位である「my arms」に完全に置き換えられており、読者はその存在自体を認識できないため。
998,将棋,それでいて、この将碁を差したがる父は、単なる娯楽の相手としても私には物足りなかった。,"Yet my father, who loved to play chess, was unsatisfactory to me even as a companion for games.",,chess,Adaptation,原文の「将碁（将棋）」という日本の文化的ボードゲームが、ターゲット文化圏で機能的に近い「chess」に置き換えられているため。,True,Minimization,「将棋」を「chess」に置き換えており、読者は将棋固有のルールや文化的な差異を認識できず、自国の既知のゲームと同一視してしまうため。
1010,儒者,昔でいうと、儒者の家へ切支丹の臭いを持ち込むように、私の持って帰るものは父とも母とも調和しなかった。,"Like a Christian bringing the influence of his strange doctrine to a Confucian's home in old days, what I brought from Tokyo did not harmonize with my parents' way of life.",,Confucian's,Established equivalent,「Confucian」は「儒教の、儒家の」を指す、辞書に載っている確立された英単語でであるため。直訳だとしたら、「儒（Scholar/Weak）」,True,Acceptance,「儒者」を「Confucian's」と訳しており、この訳語は「儒者」の固有性や特定の文化的背景を保ったままであり、補足説明はないものの、読者は自文化の既知の概念に置き換えることなく「私の国とは違う特定の概念」として差異を認識できるため。
1010,切支丹,昔でいうと、儒者の家へ切支丹の臭いを持ち込むように、私の持って帰るものは父とも母とも調和しなかった。,"Like a Christian bringing the influence of his strange doctrine to a Confucian's home in old days, what I brought from Tokyo did not harmonize with my parents' way of life.",,Christian,Generalization,原文「切支丹」を、より一般的・中立的な「Christian」という用語に置き換え、特定の歴史的・文化的な含意を一般化しているため。,True,Defense,「Christian」は普遍的な概念として扱われやすいが、「strange doctrine」という形容詞が追加されている。これは、日本における「切支丹」の歴史的・文化的背景（儒者との対立や禁教）をAさんが知らないまま、その教義を「奇妙なもの」として異化・提示するものであり、読者Aさんは文化的要素を「奇妙だ」と否定的に捉える可能性が高いため。
1021,松飾,東京へ帰ってみると、松飾はいつか取り払われていた。,"I returned to Tokyo, the gay New Year's decorations had been already removed.",,New Year's decorations,Generalization,原文「松飾」という特定の正月飾りを、訳文で「New Year's decorations」というより一般的・中立的な正月飾り全般を指す用語に抽象化しているため。,True,Minimization,「松飾」という日本の固有な新年の飾り付けを「gay New Year's decorations」（華やかな新年の飾り）という汎用的な表現に置き換えているため、読者はその具体的な形状、素材、文化的意味合いといった固有性を認識できず、自国の新年の飾り付けと同一視して処理してしまうため。
1021,正月,町は寒い風の吹くに任せて、どこを見てもこれというほどの正月めいた景気はなかった。,"The street was exposed to the chilly wind, and not a vestige of the New Year gaiety was anywhere to be seen.",,New Year,Established equivalent,「正月」を、英語圏で広く認められている等価語「New Year」で対応させているため。,True,Minimization,「正月」を自文化にも存在する一般的な概念である「New Year」に置き換えており、日本の「正月」が持つ固有の文化的な意味合いや習慣が翻訳テキストからは伝わらず、読者は自国の新年の概念と同じものとして処理し、固有性を意識しないため。
1094,好事家,私の眼は好事家が骨董でも掘り出す時のように背表紙の金文字をあさった。,"Like a collector trying to find some curios,I scanned the titles of the books written in gold.",,collector,Particularization,原文「好事家」は「モノ好きな人」以外の意味も含むが、文脈「骨董でも掘り出す」により意味が「収集家」に特定され、より具体的な訳語「collector」を使用しているため。,True,Minimization,「好事家」が「珍しい物事を好む趣味人」という比較的普遍的な概念であり、英訳の「collector trying to find some curios」がその意味合いを過不足なく、かつ自文化の既知の概念として完全に置き換えているため、読者はその固有性を意識することなく自国の「収集家」と同じものとして処理すると考えられる。
1094,骨董,私の眼は好事家が骨董でも掘り出す時のように背表紙の金文字をあさった。,"Like a collector trying to find some curios,I scanned the titles of the books written in gold.",,curios,Established equivalent,原文「骨董」を、英語圏で一般的に認知されている等価語「curios」で対応させているため。,True,Minimization,「骨董」が持つ日本特有の美意識や収集文化といった固有のニュアンスが、「curios」という一般的な英語の珍品・骨董品に置き換えられており、読者は自文化にも存在する「珍しい収集品」と同一視し、その固有性を意識しないため。
1098,敷居を跨がなかった,私はついに四月の下旬が来て、やっと予定通りのものを書き上げるまで、先生の敷居を跨がなかった。,I did not call on the sensei until the end of April when the work was finished.,,call on,Reduction,原文「敷居を跨がなかった」の「敷居」という文化的要素が、訳文「call on the sensei」では完全に省略されているため。「敷居（境界線）」というメタファー/実体が消え、「訪問する」という動詞になっている。,True,Minimization,「敷居を跨がなかった」に含まれる日本の家屋構造や特定の作法、訪問者の心理的状態といった固有の文化的ニュアンスが、「call on」という一般的な「訪問する」という行為に置き換えられ、その固有性が失われているため。
1101,八重桜,私の自由になったのは、八重桜の散った枝にいつしか青い葉が霞むように伸び始める初夏の季節であった。,"It was at the beginning of summer that I was emancipated from study, when in place of the double cherry-blossoms, a mist of delicate green leaves began to cover the branches.",,double cherry-blossoms,Literal translation,植物学的な名称として定着しています（Est Eq）。語の構成を見ても「Double（八重）」＋「Cherry blossom（桜）」でLiteralです。Calqueのような不自然さはない。,True,Acceptance,「double cherry-blossoms」は八重桜の特徴（八重咲き）を直接的に英語で表現しており、読者は具体的なイメージが湧かなくとも、「自分の知る桜とは違う、八重咲きの桜という種類があるのだな」と差異を認識できるため。
1101,初夏,私の自由になったのは、八重桜の散った枝にいつしか青い葉が霞むように伸び始める初夏の季節であった。,"It was at the beginning of summer that I was emancipated from study, when in place of the double cherry-blossoms, a mist of delicate green leaves began to cover the branches.",,at the beginning of summer,Literal translation,「初（Beginning）」＋「夏（Summer）」という構成要素ごとの直訳。,True,Adaptation,「初夏」という普遍的な時間概念に、「八重桜が散った後に新緑が芽吹く」という具体的な日本の季節の移ろいを文中説明として加えることで、読者はその時期の機能や文脈を理解し、共感できる状態にあるため。
1104,枳殻,枳殻の垣が黒ずんだ枝の上に、萌るような芽を吹いていたり、柘榴の枯れた幹から、つやつやしい茶褐色の葉が、柔らかそうに日光を映していたりするのが、道々私の眼を引き付けた。,"As I walked along, I was attracted by the fresh buds on the blackish branches of the hedge of aegle sepiaria, and by the bright reddish-brown leaves softly reflecting the sunshine on the bare pomegranate-tree.",,aegle sepiaria,Literal translation,原文「枳殻」を、その学名であり、専門分野で確立された等価語である「aegle sepiaria」で対応させているため。,True,Acceptance,「枳殻」を「aegle sepiaria」という学名に近い固有名詞で提示しており、読者はそれが自文化とは異なる特定の植物であるという差異を認識できるが、その植物に関する補足説明が一切ないため。
1104,柘榴,枳殻の垣が黒ずんだ枝の上に、萌るような芽を吹いていたり、柘榴の枯れた幹から、つやつやしい茶褐色の葉が、柔らかそうに日光を映していたりするのが、道々私の眼を引き付けた。,"As I walked along, I was attracted by the fresh buds on the blackish branches of the hedge of aegle sepiaria, and by the bright reddish-brown leaves softly reflecting the sunshine on the bare pomegranate-tree.",,pomegranate-tree,Literal translation,原文「柘榴」を英語圏で定着している等価語「pomegranate-tree」で対応させているため。,True,Minimization,「柘榴」を普遍的な植物名である「pomegranate-tree」に置き換えており、読者はその植物が日本において持つかもしれない固有の文化的な意味合いや文脈を意識せず、自国で既知の概念と同一視してしまうため。
1134,躑躅,躑躅が燃えるように咲き乱れていた。,The flaming azaleas were in full bloom.,,azaleas,Literal translation,原文「躑躅」を、英語圏で定着している訳語「azaleas」で対応させているため。,True,Minimization,「躑躅」という文化的要素が、英語圏の読者にも普遍的に存在する植物名「azaleas」に直接置き換えられており、日本文化における「躑躅」の固有性や特定の意味合い（例：季語としての位置づけ、日本庭園での役割など）が失われ、読者は自文化にも存在する（または一般的な）花として処理してしまうため。
1135,霧島,先生はそのうちで樺色の丈の高いのを指して、「これは霧島でしょう」といった。,"The sensei pointed to a tall one of orange hue, and said:”I suppose this is kirishima.”.",kirishima: A kind of azalea.,kirishima,Amplification,原文「霧島」を「kirishima」と借用し、さらに注釈で「A kind of azalea.」と補足説明（増幅）を加えているため。,True,Adaptation,音写された「kirishima」に対し、「A kind of azalea.」という訳注が付加されており、日本に関する知識が皆無の読者でも、それが具体的に何であるか（ツツジの一種であるという機能や文脈）を論理的に理解できるため。
1137,芍薬,芍薬も十坪あまり一面に植え付けられていたが、まだ季節が来ないので花を着けているのは一本もなかった。,"A garden of peonies covered a plot about twenty feet square, but it was too early for the flowers.",,peonies,Literal translation,原文「芍薬」を、英語圏で植物の名称として確立されている等価語「peonies」で対応させているため。,True,Minimization,「芍薬」を英語圏でも広く認知されている「peonies」に置き換えているため、読者はその花を自国の一般的なものと認識し、日本文化における固有性や特定の意味合いを意識することなく処理するため。
1137,十坪,芍薬も十坪あまり一面に植え付けられていたが、まだ季節が来ないので花を着けているのは一本もなかった。,"A garden of peonies covered a plot about twenty feet square, but it was too early for the flowers.",,about twenty feet square,Adaptation,原文「十坪」を、日本の面積単位の言葉を使わず「eleven feet square」と英語圏の単位に換算して具体的な面積として説明しているため。M＆Aの分類ではターゲット文化への計量法への適応はAdaptationとして分類されることが多い。,True,Minimization,日本の固有の面積単位である「十坪」が、英語圏の一般的な単位「about twenty feet square」に置き換えられており、「坪」という単位の固有性が完全に失われている。さらに、元の面積情報が大幅に改変されており（十坪は約355平方フィートだが、訳文は約200平方フィートを示唆）、読者は原文が意図した広さの感覚を正確に理解できず、自文化の一般的な面積表現として処理してしまうため。
1210,杉苗,縁台の横から後部へ掛けて植え付けてある杉苗の傍に、熊笹が三坪ほど地を隠すように茂って生えていた。,"Near the plantation of young cedars beside and behind the bench, bamboo clumps grew about eleven feet square, so think that they seemed to hide the ground.",,young cedars,Generalization,原文「杉苗」を「young cedars」と訳すことで、特定の樹種名「杉」をより一般的な「cedar」に、また「苗」を一般的な「young」という表現に一般化しているため。,True,Minimization,「杉苗」を「young cedars」と訳すことで、日本の風景や文化において「杉」が持つ固有性や特定の意味合いが失われている。読者は自国の一般的な針葉樹と同一視し、その差異を認識しない状態で受け止めるため。
1210,熊笹,縁台の横から後部へ掛けて植え付けてある杉苗の傍に、熊笹が三坪ほど地を隠すように茂って生えていた。,"Near the plantation of young cedars beside and behind the bench, bamboo clumps grew about eleven feet square, so think that they seemed to hide the ground.",,bamboo clumps,Generalization,原文の「熊笹」という特定の植物名を、訳文でより一般的・中立的な「bamboo clumps」（竹や笹の群生）に抽象化しているため。,True,Minimization,「熊笹」という日本の特定の植物（一般に丈が低く地面を覆う笹）を、より一般的な「bamboo clumps」（竹の群生）に置き換えており、読者はその固有性（特定の種類や地面を覆う特徴）を意識せず、自文化の既知の概念として普遍的に理解してしまうため。
1210,三坪,縁台の横から後部へ掛けて植え付けてある杉苗の傍に、熊笹が三坪ほど地を隠すように茂って生えていた。,"Near the plantation of young cedars beside and behind the bench, bamboo clumps grew about eleven feet square, so thick that they seemed to hide the ground.",,eleven feet square,Adaptation,原文「十坪」を、日本の面積単位の言葉を使わず「eleven feet square」と英語圏の単位に換算して具体的な面積として説明しているため。M＆Aの分類ではターゲット文化への計量法への適応はAdaptationとして分類されることが多い。,True,Minimization,「三坪」という日本の固有の面積単位が、読者にとって既知である西洋の一般的な面積単位「eleven feet square」に完全に換算・置換されており、読者は「坪」の固有性を認識せず、自文化と同じ普遍的な概念として処理するため。
1219,蟇口,懐中から蟇口を出して、五銭の白銅を小供の手に握らせた。,"He took his purse from his bosom, and put a five sen coin in the boy’s hand.",,purse,Generalization,原文「蟇口」が特定の口金式小銭入れを指すのに対し、訳文「purse」がより一般的な「財布」や「小銭入れ」として抽象化されているため。,True,Minimization,「蟇口」が持つがま口金具や開閉方式といった固有の形状や機能が、汎用的な「purse」という訳語によって完全に置き換えられており、読者はその違いを認識できないため。
1219,五銭,懐中から蟇口を出して、五銭の白銅を小供の手に握らせた。,"He took his purse from his bosom, and put a five sen coin in the boy’s hand.",,five sen,Borrowing,原文「五銭」を「five sen」と、「五」と「銭」の構成要素をそれぞれ逐語訳（仮借）しているため。,True,Acceptance,「five sen」という固有の通貨単位が音写でそのまま提示されており、読者は「coin」であることからそれが金銭であることは理解しつつも、「sen」という単位が自国のものとは異なるという差異を認識するが、それ以上の補足説明がないため具体的な機能や文脈まで理解できないため。
1223,斥候長,「今斥候長になってるところなんだよ」,"”I am playing soldiers, I am a scout-master.”",,a scout-master,Literal translation,原文の「斥候長」を「斥候(scout)」と「長(master)」に語義的に分解し、それぞれを逐語訳して組み合わせ「a scout-master」としているため。,True,Minimization,「斥候長」という日本の子供の遊びの中での役割の固有性が、「scout-master」という自文化（英語圏）の既存の組織的役職（ボーイスカウトの指導者）に置き換えられており、読者はその違いを意識せず同化して理解するため。
1238,楓,眼の前にある樹は大概楓であったが、その枝に滴るように吹いた軽い緑の若葉が、段々暗くなって行くように思われた。,"Almost all the trees in front of us were maples, and the delicate green leaves opened on their branches, bright and watery. But those leaves seemed to begin to look darker.",,maples,Literal translation,原文「楓」を「maples」と辞書的な意味通りに直訳し、形式・機能・意味が一致しているため。,True,Minimization,「楓」を一般的な樹木名「maples」に置き換えており、日本の「楓」が持つかもしれない文化的・象徴的な固有性や違いが翻訳テキストから全く読み取れないため、読者はこれを自国の既知の概念と同じものとして普遍的に理解してしまう。
1240,縁日,遠い往来を荷車を引いて行く響きがごろごろと聞こえた。私はそれを村の男が植木か何かを載せて 縁日 へでも出掛けるものと想像した。,"I heard a waggon rumbling along the far-away road, and imagined a villager carrying plants and vegetables to a local fete.",,a local fete,Adaptation,原文の「縁日」を、英語圏の村祭りに当たる「fete（西洋的な祝祭・バザー」とすることで、ターゲット文化圏の読者にとって馴染みやすく、類似の体験に置き換えているため。,True,Minimization,「縁日」が持つ宗教的背景や特定の場所・期間での開催といった固有の文化的要素が「a local fete」という訳語からは読み取れず、読者はこれを自文化の「地域の祭り」といった既知の概念と同一視し、固有性を意識できないため。
1304,不徳義漢,私の父の前には善人であったらしい彼らは、父の死ぬや否や許しがたい不徳義漢に変ったのです。,"They, who seemed to be honest before my father, soon after his death, became wicked, unforgivably wicked.",,"wicked, unforgivably wicked",Amplification,「不徳義（Immoral）」を「Wicked」と訳すだけでなく、「Unforgivably（許しがたいほど）」という強調語（評価の度合い）を付け加えているため。,True,Minimization,「不徳義漢」が持つ儒教的な「義」や日本固有の道徳観に基づく意味合いが、普遍的な「wicked」（悪人）という概念に置き換えられており、読者はその文化的要素の固有性を意識せず、自国の既知の概念として処理するため。
1352,行李,卒業式の日、私は黴臭くなった古い冬服を行李の中から出して着た。,"On the graduation day, I put on an old winter suit, which smelt of mould from its long residence in a baskettrunk.",,a baskettrunk,Description,「行李（Kori）」という特定の道具を、英語の定訳（Wicker trunkなど）ではなく、「Basket（かご）」＋「Trunk（トランク）」という造語で、その材質と機能を説明しているため,True,Acceptance,「a baskettrunk」という複合語は、単なる「箱」や「トランク」といった自文化の概念に安易に置き換えることを避け、「籠製の収納具」という「行李」の材質的・機能的な固有性の一端を提示しているため、読者はその差異を認識できる状態にあると考えられるため。
1354,厚羅紗,私は風の通らない厚羅紗の下に密封された自分の身体を持て余した。,"I did not know what to do with my poor body, swathed in wool which did not allow the slightest ventilation.",,wool which did not allow the slightest ventilation,Description,原文「厚羅紗」を、素材「wool」と「厚さ」がもたらす機能「did not allow the slightest ventilation」によって説明しているため。,True,Minimization,「厚羅紗」という特定の素材が、読者の文化にも存在する普遍的な概念である「wool」（毛織物）に置き換えられており、その固有性や文化的背景が翻訳によって消滅しているため。
1366,箸,先生のうちで飯を食うと、きっとこの西洋料理店に見るような白いリンネルの上に、箸や茶碗が置かれた。,"Whenever I took dinner at his house, they always placed the bowls and hashi on the white linen cloth as was the custom in foreign restaurants.",hashi: Chopsticks.,hashi,Amplification,原文「箸」を「hashi」と借用し、さらに注釈で「Chopsticks.」という詳細説明（増幅）を加えているため。,True,Acceptance,「hashi」を音写することで、読者は自文化とは異なる固有名詞としてその存在を認識できるが、補足説明がないため、具体的な機能や背景文化までは理解できず、差異を漠然と認識する段階に留まるため。
1366,茶碗,先生のうちで飯を食うと、きっとこの西洋料理店に見るような白いリンネルの上に、箸や茶碗が置かれた。,"Whenever I took dinner at his house, they always placed the bowls and hashi on the white linen cloth as was the custom in foreign restaurants.",,bowls,Generalization,原文「茶碗」を「bowls」と訳すことで、特定の用途を持つ碗からより一般的な碗へと抽象化しているため。,True,Minimization,「茶碗」という日本固有の飯を盛る器が「bowls」という一般的な容器の概念に置き換えられており、読者はその固有性を意識せず自文化の既知の「ボウル」の一つとして処理するため。
1374,着物,「先生は癇性ですね」とかつて奥さんに告げた時、奥さんは「でも着物などは、それほど気にしないようですよ」と答えた事があった。,"When I once remarked to his wife that he was sensitive, she replied,”But he does not trouble himself about his dress.”",,his dress,Generalization,原文「着物」を、特定の和服を指す言葉ではなく、より一般的・中立的な用語である「his dress」に置き換えているため。,True,Minimization,「着物」という日本固有の衣服を、読者にとって一般的な「his dress」（彼の服装）という言葉に置き換えているため、読者は着物の持つ文化的な固有性や差異を認識せず、単なる「衣服」として普遍的に処理してしまい、固有性が消滅しているため。
1381,盃,「お目出とう」といって、先生が私のために杯を上げてくれた。私はこの盃に対してそれほど嬉しい気を起さなかった。,"“ Congratulations,” the sensei said, and raised his cup to me.These words did not produce the desired effect.",,These word,Modulation,[モノ → 言葉/行為]直前の文で「raised his cup（杯を上げた）」と訳出されているため、この文での「盃」は物理的な杯そのものではなく、「祝杯の挨拶」という行為を指している。これを「These words（その言葉）」と言い換えるのは、**「対象物（Cup）」から「内容（Words）」への視点変更であるため。,True,Minimization,原文の「この盃」という具体的な文化要素（物）が、英訳では「These words」（言葉）という普遍的な概念に置き換えられており、読者は「盃」が持つ固有の文化的意味合いを全く認識できず、単に「言葉に感動しなかった」という自文化でも起こりうる普遍的な状況として処理するため。
1381,杯,「お目出とう」といって、先生が私のために杯を上げてくれた。私はこの盃に対してそれほど嬉しい気を起さなかった。,"“ Congratulations,” the sensei said, and raised his cup to me.These words did not produce the desired effect.",,cup,Literal translation,原文「杯」を「cup」と辞書的な意味の通りに直訳し、形式・機能・意味が一致しているため。,True,Minimization,「杯」を一般的な「cup」に置き換えており、読者は日本語の「杯」が持つ特定の文化的な固有性（酒器であることや、祝宴・儀礼の文脈での含意）を意識せず、自文化の乾杯文化などで使われる「cup」や「glass」と同じものとして処理してしまうため。
1405,アイスクリーム,奥さんは下女を呼んで食卓を片付けさせた後へ、改めてアイスクリームと水菓子を運ばせた。,"She called the maid, who cleared away the table, and brought ice-cream and fruit instead.",,ice-cream,Literal translation,原文「アイスクリーム」を訳文で「ice-cream」と、辞書的な意味通りに逐語的に訳しており、形式・機能・意味が一致しているため。,True,Minimization,原文の「アイスクリーム」を「ice-cream」と普遍的な概念に置き換えることで、日本固有の食文化におけるアイスクリームの位置づけや特徴（もしあれば）が示唆されず、読者は自国の既知の概念として処理し、その固有性を意識できないため。
1405,水菓子,奥さんは下女を呼んで食卓を片付けさせた後へ、改めてアイスクリームと水菓子を運ばせた。,"She called the maid, who cleared away the table, and brought ice-cream and fruit instead.",,fruit,Generalization,原文「水菓子」がデザートとして供される特定の果物や菓子を指すのに対し、訳文「fruit」はより一般的な果物を指すため。,True,Minimization,「水菓子」が持つ日本特有の文脈や、食後のデザートとしての特定の果物や冷菓といった固有のニュアンスが、「fruit」という一般的な概念に完全に置き換えられており、読者はその固有性を意識せず自国の「果物」と同じものとして処理するため。
1488,団扇,先生は手に持った団扇をわざとばたばたいわせた。そうしてまた奥さんを顧みた。,"He purposely flapped the fan in his hand, and turned to his wife again.",,fan,Generalization,団扇をfanと訳し、特定の形状を持つ日本の扇を、より一般的で広範な意味を持つ「fan」（扇全般）という用語に一般化しているため。,True,Minimization,「団扇」を一般的な「fan」に置き換えており、読者はその特定の形状や文化的な背景といった固有性を意識せず、自国にある一般的な扇子と同じものとして処理してしまうため。
1493,古本屋,「古本屋に売るさ」,You can sell them to a second-hand book seller.,,a second-hand book seller,Literal translation,古 (Old/Secondhand) ＋ 本 (Book) ＋ 屋 (Seller)という構成要素ごとの直訳であり、英語としても、自然であるため。,True,Minimization,「古本屋」が持つ日本固有の文化的ニュアンスや多様性が失われ、「中古本を扱う店」という普遍的かつ機能的な概念に置き換えられているため、読者はその固有性を意識せず自国の既知の概念と同一視してしまうため。
1500,縁起でもない,縁喜でもない。,Please don't do it any more.,,Please don't do it any more.,Modulation,[評価 → 要求]「不吉だ（運勢の評価）」を「もうやめてくれ（禁止の要求）」へ変換しています。視点・発話機能の変更,True,Denial,「縁起でもない」が持つ不吉さや悪い前兆に関する文化的要素が英訳から完全に削除されており、読者はその要素の存在自体を認識できないため。
1505,木犀,玄関と門の間にあるこんもりした木犀の一株が、私の行手を塞ぐように、夜陰のうちに枝を張っていた。,"The dense fragrant olive between the entrance-door and the gate stretched its branches in the dark, as if trying to block my way.",,fragrant olive,Literal translation,「木犀」を英語圏で定着している植物名「fragrant olive」で対応させているため。,True,Acceptance,「木犀」を特定の植物の英訳「fragrant olive」として提示しており、それが自文化に存在しない読者にとっては「特定の植物として存在する違い」を認識させるため。
1523,田舎者,私は電車の中で汗を拭きながら、他の時間と手数に気の毒という観念をまるでもっていない田舎者を憎らしく思った。,"Wiping my perspiring face in the electric-car, I hated those countrymen who did not feel a bit sorry for taking my time and troubling me so much.",,countrymen,Literal translation,「田舎（Country）」＋「者（Men）」という構成要素ごとの直訳。,True,Adaptation,「田舎者」という言葉自体の文化的ニュアンス（洗練されていないなど）は完全に伝わらないものの、「who did not feel a bit sorry for taking my time and troubling me so much」という詳細な行動描写が、日本語原文の「他の時間と手数に気の毒という観念をまるでもっていない」という「田舎者」の具体的な行動パターンと、それに対する話し手の憎しみを明確に示している。これにより、読者はその文化における特定の行動様式と、それがなぜ問題視されるのかという文脈を理解し、共感できるため。
1527,丸善,それを履行するに必要な書物も手に入れなければ、ならなかった。私は半日を丸善の二階で潰す覚悟でいた。,"In order to carry out my programme I had to get some necessary books, and I resolved to spend half a day on the first floor of Maruzen.",,Maruzen,Borrowing,原文「丸善」を「Maruzen」と音写（ローマ字化）しており、補足説明がないため。,True,Acceptance,「Maruzen」が音写によってそのまま提示されており、補足説明がないため、読者はそれが「私の国にはない、特定の名前を持つ場所」であるという差異を認識するが、その具体的な機能や背景までは理解できない状態にあるため。
